maturity,m_0,m_1,m_2,m_3,m_4,m_5,m_6,m_7,m_8,m_9,m_10,m_11,m_12,m_13,m_14,m_15,m_16,m_17,m_18,m_19,m_20,m_21,m_22,m_23,m_24
0.08333333333333333,0.020153119539796593,0.02021013753110701,0.020065771546691424,0.020675131458115725,0.021870713323787205,0.022599814886585357,0.023175223911033882,0.024520229139797234,0.025627392804048466,0.025627392804048466,0.025627392804048466,0.025627392804048466,0.025625875394244213,0.025572078478351523,0.025518291387016223,0.0254645139618368,0.025410746042596077,0.025356987467245906,0.025303238071888723,0.02524949769076401,0.025195766156239197,0.02514204329878167,0.02508832894695301,0.025034622927392336,0.02498092506479277
0.16666666666666666,0.020194900352270784,0.020249269218060473,0.020091565187795313,0.020719776699994252,0.02191673051720122,0.022630997363456196,0.02320050530149298,0.02455463897496224,0.025666439046609257,0.025666439046609257,0.025666439046609257,0.025666439046609257,0.025665491183691325,0.025609062444091002,0.0255526398617425,0.025496223337560187,0.02543981277132623,0.025383408061680157,0.02532700910611152,0.025270615800949026,0.02521422804135276,0.02515784572130153,0.02510146873358554,0.02504509696979751,0.02498873032031801
0.25,0.020260000000000167,0.02031000000000005,0.02012999999999998,0.020790000000000086,0.021989999999999732,0.022680000000000256,0.023239999999999927,0.02461000000000002,0.02573000000000003,0.02573000000000003,0.02573000000000003,0.02573000000000003,0.02573000000000003,0.025669166666666854,0.025608333333333455,0.025547499999999834,0.025486666666666657,0.02542583333333326,0.025365000000000082,0.025304166666666683,0.025243333333333284,0.025182499999999886,0.02512166666666671,0.02506083333333331,0.02499999999999991
0.3333333333333333,0.02034536027096112,0.020389500020362883,0.02017943370641473,0.020882447375556,0.0220869549254894,0.022744506326533243,0.02329187035053648,0.02468359309178103,0.025814894730158855,0.025814894730158855,0.025814894730158855,0.025814894730158855,0.02581617124152058,0.0257493929394359,0.02568260640636222,0.02561581177598482,0.025549009183498228,0.025482198765619746,0.025415380660601672,0.025348555008243068,0.025281721949903968,0.02521488162851737,0.02514803418860123,0.02508117977627289,0.025014318539260838
0.4166666666666667,0.020440759975405065,0.02047831160852498,0.020234382445151855,0.020985899083106885,0.022195641710651692,0.022816749791171098,0.02334995162018627,0.02476627434285028,0.025910406676616926,0.025910406676616926,0.025910406676616926,0.025910406676616926,0.025913120786422716,0.02583964200338973,0.025766145807347263,0.02569263248188891,0.025619102313791275,0.025545555593039504,0.025471992612853933,0.02539841366971518,0.0253248190633939,0.025251209096973426,0.025177584076879533,0.0251039443129073,0.025030290118246645
0.5,0.02054079744299986,0.02057143648116,0.020291947770464613,0.02109442550399021,0.022309742127381904,0.022892624577092402,0.023410984451783357,0.024853208909517033,0.02601086892992832,0.02601086892992832,0.02601086892992832,0.02601086892992832,0.02601509313733219,0.02593457334974758,0.02585402661365932,0.025773453369111188,0.025692854061051706,0.025612229139372555,0.025531579058951648,0.02545090427968888,0.025370205266551205,0.025289482489611492,0.025208736424089606,0.02512796755039548,0.02504717635416931
0.5833333333333334,0.0206431615010767,0.02066673593253676,0.02035088902585369,0.021205489677311284,0.022426552900321584,0.02297037340239294,0.02347357361357494,0.02494232751842329,0.02611385623000695,0.02611385623000695,0.02611385623000695,0.02611385623000695,0.02611962514759769,0.026031901322861817,0.025944140929620385,0.02585634456682917,0.025768512840069535,0.025680646361600612,0.025592745750413926,0.02550481163228646,0.025416844639836622,0.025328845412578405,0.025240814596976913,0.02515275284650409,0.02506466082169556
0.6666666666666666,0.020746699812226543,0.02076314351211872,0.020410587198793406,0.021317826767869308,0.022544726227277545,0.023049119632101878,0.023537022889286607,0.025032597912381993,0.026218158835748184,0.026218158835748184,0.026218158835748184,0.026218158835748184,0.02622548819925874,0.026130485749100263,0.026035437170599307,0.025940343222099704,0.025845204670265298,0.025750022290144337,0.025654796865238527,0.025559529187568764,0.025464220057744402,0.02536887028503121,0.025273480687420635,0.025178052091699765,0.02508258533352037
0.75,0.020850775010735623,0.020860069270860482,0.020470699545759086,0.021430737250933918,0.022663516651977522,0.023128377995805582,0.023600946716659577,0.025123448684494232,0.02632310717411901,0.02632310717411901,0.02632310717411901,0.02632310717411901,0.026332002289077616,0.02622969550277343,0.026127333177212275,0.026024916229541617,0.025922445586881393,0.025819922186402833,0.02571734697540773,0.025614720911408817,0.025512044962211267,0.025409320105992617,0.02530654733138782,0.025203727637568507,0.025100862034329152
0.8333333333333334,0.02095500716434895,0.020957161465857244,0.020531021444238906,0.02154380419482571,0.022782479822950785,0.023207858878713017,0.02366511484535838,0.0252145388173457,0.02642830170742627,0.02642830170742627,0.02642830170742627,0.02642830170742627,0.026438761670829036,0.02632915393926316,0.02621948146672759,0.026109745327985934,0.02599994660937832,0.025890086408909774,0.025780165836343905,0.025670186013293295,0.025560148073314304,0.025450053161999886,0.025339902437074624,0.025229697068489543,0.025119438238519365
0.9166666666666666,0.021059156714371863,0.021054198246764244,0.020591423598977476,0.021656764756538882,0.02290133556972629,0.023287379364630878,0.02372938172788186,0.025305652930271316,0.02653349014871398,0.02653349014871398,0.02653349014871398,0.02653349014871398,0.026545510150354223,0.026428623185459577,0.02631166253139261,0.02619462941899031,0.026077525092212506,0.025960350808241994,0.025843107837589585,0.025725797464195566,0.025608420985535396,0.025490979712725625,0.02537347497062914,0.025255908097962854,0.02513828044740518
1,0.021163065947295223,0.02115103350033709,0.020651820645491537,0.021769445931457243,0.023019899443051495,0.02336681875825697,0.02379365121549415,0.02539664890409532,0.026638506070996826,0.026638506070996826,0.026638506070996826,0.026638506070996826,0.026652078734675122,0.026527946286327708,0.026403731488726878,0.02627943572702285,0.026155060400974817,0.02603060692506176,0.025906076728597238,0.02578147125584196,0.025656791966121695,0.025532040333940964,0.025407217849101604,0.025282326016820234,0.025157366357848376
1.0833333333333333,0.02126662748058883,0.021247567690697355,0.020712154244534764,0.02188172995833959,0.02313804585336454,0.02344609463617764,0.023857857548647,0.02548742967979334,0.0267432358516988,0.0267432358516988,0.0267432358516988,0.0267432358516988,0.02675835205948318,0.02662701605393969,0.0264955893554899,0.026364073501703222,0.026232470046179346,0.026100780558671488,0.02596900662520829,0.025837149848218166,0.025705211846655418,0.02557319425612503,0.02544109872901168,0.025308926934606513,0.025176680559237274
1.1666666666666667,0.02136976625538134,0.021343731197297267,0.020772383421976626,0.02199353455170594,0.023255687008130188,0.023525149162104464,0.023921954494575237,0.025577927143960455,0.026847599784482812,0.026847599784482812,0.026847599784482812,0.026847599784482812,0.02686424920559194,0.026725757267550332,0.026587166633327275,0.026448478990932278,0.026309696045762276,0.02617081952073219,0.026031851156407715,0.025892792711136536,0.0257536459611849,0.025614412700872613,0.02547509474270826,0.025335693917528213,0.025196212074635183
1.25,0.021472428732757898,0.02143947431827331,0.02083247877289307,0.022104801042098776,0.023372760275151006,0.023603940876344875,0.02398590883003915,0.025668092460536363,0.0269515407469616,0.0269515407469616,0.0269515407469616,0.0269515407469616,0.026969712189449657,0.02682411599418022,0.026678413460602846,0.02653260642513544,0.02638669674287164,0.02624068628771936,0.026094576952542026,0.025948370649298447,0.025802069309187603,0.025655674882790303,0.02550918934021551,0.025362614671246453,0.02521595288548739
1.3333333333333333,0.02157457614201963,0.02153476102302232,0.02089241883924986,0.022215486964441977,0.02348922028540046,0.02368243956448568,0.024049696268183096,0.025757890028492714,0.027055017118521985,0.027055017118521985,0.027055017118521985,0.027055017118521985,0.027074698770227945,0.02692205291441585,0.02676929345765533,0.026616422382703675,0.026463441692214484,0.02631035340888066,0.02615715957558562,0.026003862255548293,0.025850463532476775,0.025696965510717318,0.025543370315407987,0.02538968009263254,0.02523589700957518
1.4166666666666667,0.02167618011244099,0.02162956491019452,0.020952187766178687,0.022325561262908966,0.023605033823787425,0.023760622937380793,0.024113298823110307,0.025847293572438312,0.027157998198202415,0.027157998198202415,0.027157998198202415,0.027157998198202415,0.02717917779606882,0.02701953900421694,0.026859779744651036,0.026699902144375676,0.026539908351439045,0.02637980053508504,0.026219580885908478,0.026059251616008305,0.025898814959147476,0.025738273170907933,0.025577628528852925,0.025416883332685547,0.025256039904412164
1.5,0.0217772197615842,0.021723866513418955,0.02101177373960028,0.022435001094743834,0.023720176423629002,0.023838474418030442,0.024176703053058635,0.025936283536654337,0.027260461150360404,0.027260461150360404,0.027260461150360404,0.027260461150360404,0.02728312610200989,0.02711655265647961,0.026949852287119658,0.026783027263067583,0.026616079875582344,0.02644901243819997,0.026281827286896542,0.026114526780246505,0.025947113299587876,0.02577958924918411,0.025611957056391077,0.0254442191718236,0.025276378069522876
1.5833333333333333,0.021877679703527386,0.021817651458216902,0.021071167917333877,0.022543789643923562,0.023834630037120608,0.023915981627544936,0.024239898858470665,0.02602484530233884,0.027362388915241898,0.027362388915241898,0.027362388915241898,0.027362388915241898,0.02738652638790473,0.02721307771190995,0.027039496080011105,0.02686578390134642,0.0266919436081805,0.02651797765606445,0.026343888524003267,0.02616967871462106,0.02599535075432846,0.025820907193492504,0.02564635060660736,0.025471683592464878,0.025296908774329774
1.6666666666666667,0.02197754865501733,0.02191090917216898,0.021130363680961217,0.02265191459119298,0.023948381405184627,0.023993135325499848,0.024302878640746428,0.026112967939921017,0.027463768746718742,0.027463768746718742,0.027463768746718742,0.027463768746718742,0.02748936573331684,0.02730910208092996,0.027128699876781237,0.02694816166785774,0.026767490025204177,0.026586687544088994,0.026405756844173345,0.026224700569681847,0.026043521389574442,0.025862221997720036,0.025680805113071914,0.02549927347984271,0.025317629867683822
1.75,0.022076818440237345,0.022003631963919412,0.02118935610153372,0.022759367021684573,0.024061420893563445,0.024069928653223993,0.02436563670144709,0.026200643318094796,0.027564591168139918,0.027564591168139918,0.027564591168139918,0.027564591168139918,0.027591634537067034,0.027404616759608702,0.02721745528182984,0.027030152786393646,0.026842711980877842,0.026655135597945634,0.026467426395519134,0.02627958715695078,0.026091620691201856,0.025903529833017247,0.025715317443105512,0.02552698640831763,0.025338539641829527
1.8333333333333333,0.022175483267352636,0.022095814353653376,0.021248141551079458,0.022866140630874554,0.024173741646798863,0.024146356583628847,0.024428168805447292,0.02628786545606232,0.02766484921325274,0.02766484921325274,0.02766484921325274,0.02766484921325274,0.02769332574630856,0.027499615114238596,0.027305756090676203,0.027111751491759373,0.02691760415932687,0.026723316961088983,0.026528892790804948,0.02633433456845724,0.026139645240432108,0.025944827779697865,0.025749885185986532,0.025554820485977014,0.02535963673347985
1.9166666666666667,0.022273539194090697,0.022187452578492417,0.021306717415526366,0.022972231138056687,0.024285338963318637,0.02422241551470483,0.024490471858125806,0.026374630044950997,0.027764537865411887,0.027764537865411887,0.027764537865411887,0.027764537865411887,0.0277944342869878,0.027594092352778876,0.027393597802452874,0.02719295358339413,0.026992162669397857,0.026791228060843997,0.02659015278487531,0.02638893989557456,0.02618759247414637,0.02598611362909753,0.025784506496422166,0.025582774239785167,0.025380920050709355
2,0.022370983727235227,0.02227854422179787,0.021365081879470837,0.023077635846812328,0.024396209827150628,0.024298102964788848,0.024552543663341142,0.026460934089070243,0.02786365363725074,0.02786365363725074,0.02786365363725074,0.02786365363725074,0.027894956636967505,0.027688045128668737,0.027480977254472183,0.02727375609074456,0.027066384740898952,0.02685886633557133,0.02665120403279908,0.02644340101820042,0.026235460505156016,0.02602738573499286,0.025819179977168094,0.025610846529455777,0.02540238871813516
2.0833333333333335,0.022467815518510514,0.022369087931668474,0.021423233762663862,0.023182353311292037,0.024506352552378097,0.024373417341094772,0.02461438273956218,0.026546775633435882,0.02796219425146429,0.02796219425146429,0.02796219425146429,0.02796219425146429,0.027994890501838787,0.027781471239928912,0.027567892344664058,0.02735415701908739,0.02714026849385176,0.02692623002739558,0.026712044906122,0.02649771644457899,0.02628324798564252,0.026068642900698658,0.025853904589830945,0.025639036482005606,0.025424042035262273
2.1666666666666665,0.022564034130919675,0.02245908320463008,0.02148117239430114,0.023286383079836215,0.024615766509998416,0.024448357761793327,0.024675988178508135,0.02663215355434745,0.028060158395495804,0.028060158395495804,0.028060158395495804,0.028060158395495804,0.02809423456579374,0.02787436939791088,0.027654341818239114,0.027434155154148154,0.02721381276110657,0.02699331802285565,0.026772674351590364,0.02655188518813789,0.026330954002141915,0.026109884292244034,0.025888679586271612,0.02566734344142252,0.02544587944445653
2.25,0.02265963985724162,0.022548530217589846,0.021538897515301025,0.02338972549584728,0.024724451915785206,0.024522923917735806,0.024737359535257797,0.026717067396650362,0.028157545530936634,0.028157545530936634,0.028157545530936634,0.028157545530936634,0.028192988298065158,0.02796673904760727,0.027740325101906604,0.027513749910258456,0.027287016950470422,0.02706012972903782,0.026833091781321983,0.026605906671729018,0.026378577993892982,0.026151109370857295,0.02592350445526126,0.025695766929524577,0.02546790050603831
2.3333333333333335,0.022754633577664052,0.022637429696005684,0.021596409201586564,0.023492381541622587,0.02483240966392186,0.024597115963929772,0.024798496741979426,0.026801517246025197,0.02825435574397961,0.02825435574397961,0.02825435574397961,0.02825435574397961,0.02829115180106223,0.02805858022665464,0.027825842173771598,0.02759294121117528,0.02735988093648145,0.027126664976332204,0.026893296986575166,0.026659780652439125,0.026426119688716332,0.026192317839943025,0.025958378880585053,0.02572430661522085,0.025490104878730158
2.4166666666666665,0.022849016647079168,0.02272578280950488,0.021653707803288125,0.023594352714745748,0.02493964119532599,0.024670934433563385,0.02485940003956033,0.02688550362782971,0.02835058962699133,0.02835058962699133,0.02835058962699133,0.02835058962699133,0.028388725690112082,0.028149893453663255,0.02791089346027853,0.027671729395666533,0.027432404974657043,0.027192923941372626,0.02695329006940428,0.026713507161986838,0.026473579052179064,0.026233509603041938,0.02599330270782274,0.02575296229013646,0.02551249230415298
2.5,0.022942790805131397,0.022813591088556295,0.021710793896159597,0.023695640929450867,0.025046148392582346,0.02474438016932834,0.024920069922971244,0.026969027426309022,0.028446248183953582,0.028446248183953582,0.028446248183953582,0.028446248183953582,0.028485710997440128,0.028240679639040867,0.027995479753901042,0.027750115142087584,0.02750458963298441,0.027258907085458972,0.02701307138803899,0.026767086459082767,0.026520956246958383,0.026274684730219544,0.02602827591778656,0.025781733849126187,0.02553506259443683
2.5833333333333335,0.023035958103870824,0.022900856357437105,0.02176766824244747,0.023796248437309542,0.02515193349546263,0.024817454268130312,0.024980507097259297,0.027052089819564085,0.02854133275437354,0.02854133275437354,0.02854133275437354,0.02854133275437354,0.028582109094910102,0.028330940013225003,0.028079602146886096,0.0278280994076594,0.027576435736748506,0.027324615104961758,0.02707264151288369,0.026820518991044207,0.026568251600093795,0.026315843430977592,0.026063298605112806,0.02581062127456657,0.025557815622236912
2.6666666666666665,0.023128520849146073,0.022987580679914688,0.02182433175913867,0.023896177763001347,0.025256999032514216,0.02489015803624839,0.025040712441838586,0.027134692226827184,0.0286358449516122,0.0286358449516122,0.0286358449516122,0.0286358449516122,0.0286779216314077,0.02842067606850307,0.028163261977532272,0.027905683379219948,0.02764794432378026,0.027390048891080765,0.027132001190808053,0.02687380536263695,0.02661546557639949,0.026356986032257668,0.026098370960877082,0.025839624623601454,0.025580751312631156
2.75,0.023220481552838068,0.02307376631495961,0.021880785492030652,0.02399543165197482,0.025361347765321174,0.024962492952738113,0.025100686981326392,0.027216836265438582,0.028729786612584185,0.028729786612584185,0.028729786612584185,0.028729786612584185,0.028773150481770093,0.02850988951155231,0.02824646078635018,0.02798286843302722,0.02771911660791737,0.02745520949698288,0.02719115131597949,0.026926946310619426,0.026662598756737932,0.02639811296046224,0.026133493258381657,0.02586874401771766,0.025603869636499965
2.8333333333333335,0.02331184289367827,0.02315941568040758,0.021937030594414653,0.024094013027537997,0.02546498264280639,0.025034460639369316,0.025160431861569688,0.027298523715518996,0.02882315975647054,0.02882315975647054,0.02882315975647054,0.02882315975647054,0.02886779770487169,0.028598582224471425,0.02832920028006236,0.028059656101739883,0.027789953948979207,0.027520098110790592,0.02725009290587943,0.026979942682805902,0.02670965182014795,0.02643922472666449,0.02616866584146349,0.02589797963416718,0.02562717060508435
2.9166666666666665,0.0234026076849434,0.02324453132298232,0.02199306830945691,0.02419192495548761,0.025567906763569903,0.025106062835793086,0.02521994832982477,0.027379756490794938,0.028915966550642436,0.028915966550642436,0.028915966550642436,0.028915966550642436,0.028961865509031348,0.02868675623261252,0.028411482301871294,0.02813604804713621,0.027860457827955987,0.027584716033251855,0.02730882708147253,0.027032795420749434,0.026756625529055666,0.026480321914365,0.02620388911481486,0.02592733169886907,0.02565065426548374
3,0.02349277884768508,0.023329115893446106,0.022048899955552592,0.024289170614815836,0.02567012334469876,0.025177301378923378,0.025279237718285552,0.027460536614386966,0.029008209282398445,0.029008209282398445,0.029008209282398445,0.029008209282398445,0.029055356223325557,0.02877441367789224,0.02849330880678269,0.028212046037463745,0.02793062982639727,0.02764906465918493,0.02736735505072052,0.027085505545339617,0.026803520716974116,0.02652140516930679,0.026239163535930254,0.025956800480503306,0.025674320696915
3.0833333333333335,0.023582359388435004,0.023413172125890336,0.022104526914091593,0.024385753273325594,0.02577163569580776,0.025248178185727,0.025338301430317678,0.02754086619860896,0.029099890335397838,0.029099890335397838,0.029099890335397838,0.029099890335397838,0.029148272273667564,0.02886155679652913,0.028574681841011973,0.028287651928530222,0.02800047160919883,0.027713145461974564,0.02742567809480234,0.027138074144761326,0.02685033827821348,0.026562475190954338,0.02627448960836598,0.02598638628557004,0.025698170007585563
3.1666666666666665,0.023671352380565613,0.02349670282041183,0.022159950619190072,0.024481676267258612,0.02587244719735282,0.02531869523879693,0.025397140928908435,0.027620747428042325,0.029191012169932362,0.029191012169932362,0.029191012169932362,0.029191012169932362,0.029240616162787836,0.028948187900400102,0.028655603524732065,0.028362867647850898,0.028069984910165324,0.02777695998056151,0.02748379755654473,0.02719050236437992,0.02689707915923578,0.02660353272532978,0.026309867876076698,0.026016089454237168,0.025722202332069566
3.25,0.02375976094865373,0.023579710828570022,0.022215172549039153,0.024576942984213312,0.025972561282452622,0.02538885457421336,0.025455757726931427,0.027700182545303598,0.029281577306350393,0.029281577306350393,0.029281577306350393,0.029281577306350393,0.029332390453413515,0.02903430936136897,0.028736076037560343,0.028437695181308786,0.028139171519853567,0.027840509808483294,0.027541714830671804,0.02724279139821273,0.026943744351360488,0.02664457855896818,0.02634529891863302,0.026045910356836677,0.02574641782909559
3.3333333333333335,0.023847588255297536,0.023662199041114995,0.022270194218578343,0.024671556848758325,0.026071981421577517,0.025458658271278134,0.025514153378901616,0.027779173839014293,0.02937158831105835,0.02937158831105835,0.02937158831105835,0.02937158831105835,0.029423597754066666,0.02911992359804616,0.028816101606290667,0.028512136561869017,0.028208033275282762,0.027903796584590523,0.027599431355539883,0.02729494248169617,0.026990334884577694,0.02668561351378984,0.02638078334716365,0.02607584939089258,0.025770816679675734
3.4166666666666665,0.023934837489987704,0.02374417037761889,0.02232501717327451,0.024765521310294858,0.02617071110963587,0.02552810844381259,0.025572329473975364,0.027857723633612386,0.029461047784679284,0.029461047784679284,0.029461047784679284,0.029461047784679284,0.029514240707051442,0.029205033064580332,0.028895682494500807,0.028586193860014042,0.028276572051205706,0.02796682198516698,0.027656948606119114,0.027346956885538676,0.02703685182228588,0.026726638442734485,0.026416321800904363,0.026105906978593385,0.02579539908551598
3.5,0.024021511859674716,0.02382562777767938,0.022379642983819226,0.024858839832782698,0.026268753855045013,0.02559720723275305,0.025630287629981208,0.027935834280687688,0.029549958351996253,0.029549958351996253,0.029549958351996253,0.029549958351996253,0.029604321978254022,0.029289640241134896,0.028974820993714845,0.028659869175599706,0.02834478975267296,0.028029587717211424,0.0277142680880047,0.02739883591047443,0.027083296256798395,0.026767654226034,0.026451914944245924,0.026136083564633372,0.02582016526766262
3.5833333333333335,0.024107614580760828,0.02390657419343989,0.02243407324159552,0.0249515158860234,0.026366113170460892,0.025665956799832523,0.025688029488314168,0.028013508151596644,0.029638322653387617,0.029638322653387617,0.029638322653387617,0.029638322653387617,0.029693844248459556,0.029373747625772495,0.02905351941586498,0.028733164630907027,0.02841268830868171,0.028092095512695536,0.02777139133229256,0.027450580882769415,0.0271296693054921,0.02680866176801544,0.02648756346420611,0.026166379614362967,0.02584511546534629
3.6666666666666665,0.024193148872278414,0.023987012583213563,0.022488309554786534,0.02504355293824778,0.026462792564896143,0.025734359322170386,0.025745556709557027,0.02809074763114383,0.029726143337515776,0.029726143337515776,0.029726143337515776,0.029726143337515776,0.029782810205938315,0.029457357727519007,0.02913178008684314,0.02880608236468918,0.028480269666729674,0.02815434712363385,0.02782831989117951,0.0275021931503594,0.02717597210749534,0.026849661994351903,0.026523268068253003,0.026196795612199564,0.02587024993499054
3.75,0.02427811795007795,0.024066945906040083,0.0225423535450322,0.02513495444980829,0.026558795537015234,0.025802416987635413,0.02580287096971201,0.02816755511217206,0.02981342305507484,0.02981342305507484,0.02981342305507484,0.02981342305507484,0.029871222540108766,0.029540473060429395,0.029209605340976497,0.028878624527067798,0.028547535788140177,0.02821634431785003,0.02788505533417629,0.02755367407952458,0.0272222058208349,0.026890655849690415,0.026559029482429608,0.02622733206025707,0.025895568949362513
3.8333333333333335,0.024362525021865977,0.024146377117030937,0.022596206844547106,0.02522572386780131,0.026654125569419707,0.025870131990858525,0.025859973956955384,0.0282439329909161,0.029900164453431577,0.029900164453431577,0.029900164453431577,0.029900164453431577,0.029959083936108577,0.02962309613849534,0.029286997516283053,0.02895079327514205,0.028614488644037817,0.028278088875324014,0.027941599244841298,0.02760502505201723,0.02726837161996798,0.026931644295602464,0.02659484844972937,0.0262579894771644,0.02592107279684197
3.9166666666666665,0.024446373282963396,0.024225309163384168,0.022649871093630036,0.0253158646214815,0.026748786123775403,0.025937506529798204,0.025916867368829477,0.02831988366300786,0.029986370172027765,0.029986370172027765,0.029986370172027765,0.029986370172027765,0.030046397070136566,0.02970522947127119,0.029363958950387348,0.029022590769207435,0.02868113021187413,0.02833958258503877,0.027997953217955285,0.027656247462575445,0.027314470693645232,0.02697262830880498,0.026630725728691518,0.026288768397040307,0.025946761780792693
4,0.024529665912676135,0.02430374498096577,0.022703347938508145,0.025405380118342258,0.026842780636652463,0.026004542802776864,0.02597355290981218,0.028395409520030945,0.03007204283842424,0.03007204283842424,0.03007204283842424,0.03007204283842424,0.03013316460544746,0.02978687556010673,0.02944049197700105,0.02909401916948795,0.02874746247242399,0.02840082724224735,0.0280541188570691,0.02770734271676134,0.027360504243051365,0.027013608879615125,0.02666666209217694,0.026319669368605636,0.025972636219018463
4.083333333333333,0.024612406071192527,0.024381687491380033,0.022756639029467562,0.025494273740777507,0.026936112515979493,0.026071243005922673,0.02603003228920997,0.028470512946554116,0.030157185064903835,0.030157185064903835,0.030157185064903835,0.030157185064903835,0.03021938918891265,0.029868036894906025,0.02951659892288605,0.029165080633314577,0.028813487407186145,0.02846182464610658,0.028110097772378495,0.027758312229087645,0.027406473480190208,0.027054587010604703,0.026702658326304363,0.026350692954411503,0.025998696443296554
4.166666666666667,0.024694596896929877,0.024459139599458002,0.022809746019230692,0.025582548843230413,0.02702878513801843,0.02613760933095488,0.026086307219325366,0.028545196317567134,0.030241799445543283,0.030241799445543283,0.030241799445543283,0.030241799445543283,0.03030507344805944,0.029948715951330973,0.029592282105231682,0.02923577731268301,0.028879206996130558,0.028522576597618476,0.028165891578872726,0.027809157421380126,0.0274523796264754,0.027095563715425763,0.026738715229522203,0.026381839730167833,0.02602494279897405
4.25,0.02477624150426605,0.024536104191102526,0.022862670561546006,0.025670208749766665,0.02712080184479282,0.026203643963269796,0.026142379413864658,0.028619461996268303,0.030325888553696334,0.030325888553696334,0.030325888553696334,0.030325888553696334,0.03039021998852487,0.030028915188392125,0.02966754382938852,0.02930611135213823,0.02894462321574065,0.028583084897844335,0.028221501894722945,0.027859879721353842,0.027498223911498476,0.02713654001778565,0.026774833611798554,0.026413110284158714,0.02605137564461968
4.333333333333333,0.024857342981606134,0.024612584131444848,0.022915414309960136,0.02575725675201146,0.027212165941898903,0.026269349080282334,0.026198250586551453,0.028693312332153997,0.030409454939827274,0.030409454939827274,0.030409454939827274,0.030409454939827274,0.03047483139186591,0.03010863704637079,0.029742386386909958,0.029376084886941767,0.02900973803731688,0.02864335134634688,0.028276930339878215,0.027910480561366136,0.02754400757195352,0.027177516950549485,0.02681101429391264,0.026444505216734138,0.026077995351725836
4.416666666666667,0.024937904389729537,0.024688582263262315,0.022967978916746734,0.025843696107394676,0.02730288069664888,0.026334726849988277,0.026253922449915423,0.028766749659362878,0.03049250112964197,0.03049250112964197,0.03049250112964197,0.03049250112964197,0.03055891021367385,0.030187883945024474,0.029816812053854003,0.029445700041480505,0.02907455342549592,0.02870337773983289,0.028332178534834496,0.027960961377327065,0.02758973185069369,0.027218495554951705,0.026847258106833083,0.02647602513986347,0.026104802304448782
4.5,0.02501792876039599,0.024764101405636785,0.0230203660319781,0.025929530037677617,0.02739294933651104,0.026399779429723935,0.026309396714241817,0.028839776295256137,0.030575029622494476,0.030575029622494476,0.030575029622494476,0.030575029622494476,0.03064245898196405,0.030266658282047443,0.029890823089325114,0.02951495892789291,0.029139071336972355,0.028763165870974605,0.028387248099568163,0.028011323607747274,0.027635397995905864,0.027259476879909927,0.02688356589117702,0.02650767067675175,0.026131796899390602
4.583333333333333,0.02509741909515495,0.024839144352801323,0.02307257730271073,0.026014761727702007,0.02748237504778772,0.026464508965087674,0.026364675086649525,0.02891239453918315,0.030657042890006148,0.030657042890006148,0.030657042890006148,0.030657042890006148,0.030725480195785027,0.030344962431739342,0.02996442173420477,0.02958386364487109,0.02920329371937802,0.028822717527376307,0.02844214065259365,0.02806156869290155,0.027681007260385693,0.027300461981417667,0.02691993849673202,0.026539442461499085,0.026158979545409355
4.666666666666667,0.02517637836435127,0.02491371387317254,0.023124614372280528,0.02609939432435371,0.027571160974519282,0.026528917589012435,0.02641975927029061,0.02898460667142544,0.030738543374895455,0.030738543374895455,0.030738543374895455,0.030738543374895455,0.030807976324040087,0.030422798743868773,0.03003761021006568,0.0296524162766314,0.029267222510316104,0.028882034490677944,0.028496857810148546,0.028111698074097857,0.027726560900901864,0.027341451922014315,0.026956376782040437,0.026571341138810434,0.026186350663459645
4.75,0.025254809506291442,0.02498781270852901,0.023176478879687323,0.02618343093570008,0.027659310217577504,0.026593007420965042,0.02647465096365309,0.029056414952289833,0.030819533489977236,0.030819533489977236,0.030819533489977236,0.030819533489977236,0.0308899498044799,0.030500169542697853,0.03011039071823407,0.0297206188920216,0.029330859636519824,0.02894111853577419,0.028551401185478165,0.028161713193038285,0.027772060177640334,0.02738244777031995,0.026992881614035458,0.02660336736373914,0.026213910686457842
4.833333333333333,0.025332715426548136,0.025061443573321407,0.023228172459059504,0.02626687463027877,0.027746825833913524,0.02665678056625298,0.026529351859951866,0.029127821621324657,0.03090001561730915,0.03090001561730915,0.03090001561730915,0.03090001561730915,0.030971403042845402,0.03057707712614688,0.030182765438983017,0.029788473543747918,0.029394207013122342,0.028999971430131666,0.028605772388208495,0.028211615491255504,0.027817506353712718,0.027423450600625898,0.027029453867719155,0.026635521801466222,0.026241660059169503
4.916666666666667,0.025410098997391772,0.025134609154100485,0.023279696739188616,0.026349728436525277,0.027833710835959646,0.026720239115434197,0.026583863646598704,0.02919882889665737,0.030979992107473597,0.030979992107473597,0.030979992107473597,0.030979992107473597,0.031052338412148384,0.03065352376508823,0.03025473653084454,0.0298559822677138,0.02945726654302505,0.0290585949331974,0.0286599730238013,0.028261406409622714,0.02786290069472863,0.02746446149253634,0.027066094425886034,0.026667805127110755,0.026269599238116337
5,0.025486963057332,0.025207312109046587,0.023331053343129682,0.026431995342318215,0.027919968191150613,0.026783385143810623,0.026638188004744823,0.029269438974431017,0.031059465278977294,0.031059465278977294,0.031059465278977294,0.031059465278977294,0.031132758252068626,0.030729511702749956,0.030326306130024516,0.02992314708245103,0.029520040116355117,0.029116990795886366,0.02871400469308072,0.028311087387924427,0.027908244468419774,0.027505481530655684,0.027102804178878337,0.02670021802556488,0.02629772869150071
5.083333333333333,0.02556331041074844,0.025279555067585502,0.023382243887849485,0.02651367829462381,0.02800560082155501,0.026846220710995405,0.026692326608882322,0.029339654028323503,0.031138437417745912,0.031138437417745912,0.031138437417745912,0.031138437417745912,0.03121266486845231,0.030805043154211065,0.030397476349903307,0.029989969988632348,0.02958252960999408,0.029175160760134933,0.028767868991816936,0.02836065986448033,0.027953538944311296,0.027546511804312335,0.02713958402437555,0.026732761191354593,0.02632604889914525
5.166666666666667,0.025639143827611566,0.02535134063008515,0.023433269983931027,0.026594780199235224,0.028090611603604154,0.026908747860550086,0.026746281126499794,0.029409476209151242,0.031216910776714846,0.031216910776714846,0.031216910776714846,0.031216910776714846,0.031292060532902566,0.03088012030598719,0.03046824928062075,0.03005645296866022,0.029644736887177503,0.029233106558518518,0.028821567510369128,0.028410125275819764,0.027998785393434256,0.027587553407321552,0.027176434867209665,0.02676543532852005,0.026354560352448653
5.25,0.025714466043270656,0.02542267136761911,0.023484133235313953,0.026675303920588034,0.028175003367903795,0.026970968619677738,0.02680005321778922,0.029478907644535868,0.03129488757549326,0.03129488757549326,0.03129488757549326,0.03129488757549326,0.031370947482449285,0.030954745315687315,0.03053862698872556,0.030122597986317334,0.029706663797153032,0.02929082991392118,0.028875101833374606,0.028459485056397504,0.028043985088077372,0.027628607437776065,0.027213357619208622,0.026798241150516322,0.02638326355435172
5.333333333333333,0.02578927975830969,0.02549354982179053,0.023534835239078067,0.02675525228164588,0.02825877889911932,0.027032884998970497,0.02685364453539152,0.02954795043863423,0.03137237000010118,0.03137237000010118,0.03137237000010118,0.03137237000010118,0.03144932791928734,0.031028920311738206,0.03060861151688954,0.030188406986474847,0.02976831217488951,0.02934833253925362,0.02892847353948036,0.02850874063834752,0.02808913930156809,0.0276696749978671,0.027250353199060218,0.0268311793801308,0.02641215901931604
5.416666666666667,0.025863587638457197,0.025563978504607787,0.023585377585256362,0.02683462806384651,0.028341940935924903,0.027094498992198845,0.026907056724181366,0.0296166066719179,0.03144936020276279,0.03144936020276279,0.03144936020276279,0.03144936020276279,0.0315272040105774,0.031102647393163485,0.030678204883673565,0.03025388189485123,0.02982968384083251,0.02940561613721182,0.02898168420111502,0.02855789345127069,0.028134249308086723,0.027710757193727398,0.02728742253219596,0.026864250749414786,0.026441247273313095
5.5,0.02593739231454406,0.02563395989840833,0.02363576185667937,0.026913434007099335,0.028424492171008175,0.02715581257614441,0.02696029142108558,0.02968487840100109,0.03152586030175586,0.03152586030175586,0.03152586030175586,0.03152586030175586,0.03160457788829918,0.031175928629415317,0.030747409083341726,0.03031902461781355,0.029890780600700273,0.02946268240007477,0.02903473538428991,0.028606944922052513,0.02817931638250326,0.027751855135298875,0.027324566550694707,0.02689745599963067,0.026470528853821396
5.583333333333333,0.026010696382508414,0.025703496455821595,0.02368598962884727,0.026991672809832723,0.028506435251127726,0.027216827710468516,0.027013350254932122,0.029752767658511647,0.031601872381308294,0.031601872381308294,0.031601872381308294,0.031601872381308294,0.031681451649155035,0.03124876606025273,0.030816226085718323,0.030383837042220474,0.02995160424531873,0.029519533009535692,0.02908762864843628,0.028655896474707676,0.02822434180024147,0.02779296993621938,0.027361786193200732,0.026930795881210612,0.026500004309835123
5.666666666666667,0.02608350240343804,0.025772590599772105,0.023736062469825292,0.027069347129082155,0.028587772777213027,0.027277546337612035,0.027066234846324866,0.029820276452996897,0.03167739849153772,0.03167739849153772,0.03167739849153772,0.03167739849153772,0.031757827354516044,0.03132116169565968,0.030884657836083518,0.030448321035300596,0.03001215655048739,0.02957616963656151,0.029140365546265645,0.028704749530250373,0.02826932683716099,0.027834102713727882,0.02739908240485822,0.026964271153727237,0.026529674201877462
5.75,0.026155812903640552,0.025841244723506573,0.02378598194015691,0.02714645958060924,0.028668507304496993,0.027337970382721233,0.027118946807540123,0.029887406768859037,0.03175244064842153,0.03175244064842153,0.03175244064842153,0.03175244064842153,0.031833707030398894,0.03139311751579177,0.030952706255097162,0.030512478444556512,0.03007243927687031,0.02963259394127915,0.029192947623653875,0.028753505506581734,0.02831427276945897,0.027875254588584752,0.02743645613725798,0.02699788258587299,0.026559539102023244
5.833333333333333,0.02622763037475284,0.025909461190658734,0.02383574959280188,0.027223012739059582,0.02874864134269206,0.0273981017536038,0.027171487742449596,0.029954160566326937,0.03182700083381018,0.03182700083381018,0.03182700083381018,0.03182700083381018,0.03190909266748698,0.03146463547096601,0.03102037323875928,0.03057631109770509,0.030132454169919942,0.029688807572887166,0.029245376419549274,0.028802165818402115,0.028359180873590573,0.0279164266850076,0.027473908348396803,0.027031630955452135,0.026589599593926705
5.916666666666667,0.026298957273866774,0.025977242335329942,0.023885366973085187,0.02729900913814287,0.02882817735618648,0.027457942340701535,0.027223859246455984,0.030020539781445033,0.03190108099545785,0.03190108099545785,0.03190108099545785,0.03190108099545785,0.03198398622116816,0.03153571748166595,0.031087660658389638,0.030639820802632833,0.03019220295981695,0.02974481216958469,0.029297653465897522,0.028850731877136493,0.028404052426202364,0.02795762013062042,0.02751144000264749,0.027065517049378318,0.0266198562728579
6,0.026369796023681058,0.026044590462194872,0.023934835618663497,0.02737445127083582,0.028907117764267243,0.02751749401708392,0.027276062906448795,0.03008654632608665,0.03197468304708373,0.03197468304708373,0.03197468304708373,0.03197468304708373,0.0320583896116049,0.0316063654385772,0.031154570360632183,0.03070300934737813,0.030251687361432467,0.029800609358521246,0.029349780287583505,0.028899205090875846,0.028448888704080133,0.027998836056412957,0.027549052070738655,0.027099541663681226,0.026650309745741563
6.083333333333333,0.026440149012677328,0.026111507846630078,0.023984157059507183,0.027449341589614207,0.02898546494137344,0.027576758638464316,0.027328100300776148,0.030152182087993085,0.03204780886845793,0.03204780886845793,0.03204780886845793,0.03204780886845793,0.03213230472382733,0.03167658120264516,0.031221104167483693,0.030765878500133015,0.030310909074310555,0.029856200755765894,0.02940175840239201,0.028947586864335406,0.028493690984110476,0.028040075596713843,0.027586745529744716,0.02713370560352102,0.02668096063120351
6.166666666666667,0.026510018595302887,0.02617799673484944,0.02403333281788922,0.027523682506691127,0.029063221217355162,0.02763573804322239,0.027379972999226565,0.030217448930820012,0.03212046030550009,0.03212046030550009,0.03212046030550009,0.03212046030550009,0.032205733407841386,0.03174636660514696,0.03128726387633307,0.03082843000925739,0.03036986978266154,0.029911587966283903,0.029453589320976414,0.028995878598821356,0.028538460543251265,0.028081339889171053,0.0276245213630828,0.027168009683208982,0.026711809559622157
6.25,0.02657940709218165,0.026244059344065818,0.024082364408390733,0.02759747639428367,0.029140388877764378,0.027694434052449424,0.027431682563027415,0.030282348694210315,0.032192639170402826,0.032192639170402826,0.032192639170402826,0.032192639170402826,0.03227867747875979,0.031815723447785826,0.03135305126002508,0.03089066560331455,0.030428571155376227,0.029966772583935875,0.029505274546846483,0.02904408169221262,0.02858319865851544,0.028122630074742805,0.02766238056051895,0.027202454726234615,0.026742857173183365
6.333333333333333,0.026648316790327087,0.026309697862656467,0.024131253337911884,0.027670725584883593,0.02921697016414848,0.027752848470000924,0.027483230544849357,0.030346883193871577,0.032264347241764746,0.032264347241764746,0.032264347241764746,0.032264347241764746,0.03235113871694484,0.03188465350279568,0.031418468066930716,0.030952586991115583,0.030487014846047877,0.030021756191482174,0.02955681557636236,0.02909219753895087,0.028627906606961684,0.028163947297696,0.027700324118179687,0.02723704156529827,0.026774104125940612
6.416666666666667,0.02671674994337181,0.0263749144503429,0.024180001105692517,0.02774343237154442,0.029292967274361148,0.02781098308255925,0.02753461848882477,0.03041105422167001,0.03233558626473898,0.03233558626473898,0.03233558626473898,0.03233558626473898,0.03242311886816429,0.0319531585130588,0.031483516021033164,0.031014195861776228,0.030545202493005075,0.030076540360599813,0.029608213898739244,0.029140227530039642,0.02867258566569353,0.028205292705612894,0.027738353038571972,0.02727177104234957,0.02680555108387961
6.5,0.026784708771804944,0.02643971123838007,0.02422860920334169,0.02781559900817676,0.029368382362884082,0.027868839659708877,0.02758584793057106,0.03047486354573392,0.03240635795119173,0.03240635795119173,0.03240635795119173,0.03240635795119173,0.03249461964375988,0.032021240192237954,0.03154819682202481,0.031075493884784366,0.030603135719358576,0.030131126651909312,0.029659470996062254,0.029188173053052102,0.0287172371118678,0.028246667449403517,0.02777646833060743,0.027306644008631142,0.0268371987249858
6.583333333333333,0.026852195463221262,0.026504090329755092,0.0242770791148732,0.02788722770985541,0.029443217541158972,0.027926419954018566,0.02763692039722554,0.030538312910568965,0.03247666397987481,0.03247666397987481,0.03247666397987481,0.03247666397987481,0.03256564272082896,0.03208890022491584,0.03161251214541405,0.031136482710079738,0.03066081613305416,0.030185516615011565,0.02971058834331064,0.029236035492147927,0.028761862222708823,0.02828807268332567,0.027814671009633418,0.027341661324725708,0.02686904773931742
6.666666666666667,0.02691921217257276,0.02656805379939109,0.02432541231674734,0.027958320653129975,0.02951747487792411,0.027983725701130835,0.027687837407484484,0.03060140403717626,0.032546505996602804,0.032546505996602804,0.032546505996602804,0.032546505996602804,0.032636189742409005,0.03215614026674363,0.03167646364263854,0.03119716396813743,0.030718245326933902,0.030239711788528245,0.029761567408385314,0.029283816228094395,0.0288064622755293,0.028329509565010236,0.027852962097469014,0.027376823860610244,0.026901098829079872
6.75,0.026985761022428223,0.026631603694356798,0.0243736102779184,0.028028879976342402,0.029591156399559004,0.028040758619857886,0.027738600471649333,0.030664138623182513,0.03261588561443851,0.03261588561443851,0.03261588561443851,0.03261588561443851,0.03270626231767415,0.03222296194459662,0.031740052941187535,0.03125753927005981,0.030775424878804136,0.03029371370015288,0.02981240965214571,0.029331516638295696,0.028851038547756502,0.02837097925549159,0.027891342622445414,0.02741213249571106,0.026933352708706337
6.833333333333333,0.027051844103238798,0.026694742034083507,0.024421674459886855,0.02809890777995183,0.029664264090435655,0.028097520412283528,0.0277892110916782,0.030726518342972797,0.03268480441388677,0.03268480441388677,0.03268480441388677,0.03268480441388677,0.03277586202213678,0.03228936685673722,0.031803281644729564,0.03131761020767598,0.030832356351509826,0.030347523866705695,0.029863116528452416,0.029379138096826463,0.028895592316965146,0.028412482919243587,0.027929813619451016,0.027447588118966415,0.026965810104939036
6.916666666666667,0.027117463473607994,0.026757470810586215,0.02446960631675754,0.028168406126862333,0.029736799893273824,0.028154012763871084,0.02783967076124383,0.030788544847833554,0.03275326394309408,0.03275326394309408,0.03275326394309408,0.03275326394309408,0.03284499039785649,0.032355356572984606,0.03186615133324788,0.03137737835364751,0.030889041293016506,0.030401143794195562,0.02991368948421469,0.029426681974471958,0.02894012486091424,0.028454021724219736,0.027968376129982042,0.02748319162888979,0.02699847175691561
7,0.027182621160562803,0.026819791988685893,0.02451740729529983,0.028237377042753753,0.029808765709498974,0.028210237343574418,0.02788998096579487,0.030850219766094478,0.03282126571805155,0.03282126571805155,0.03282126571805155,0.03282126571805155,0.03291364895365145,0.032420932634886324,0.03192866356317792,0.03143684526157631,0.030945481236492878,0.030454574977885285,0.02996412995944242,0.029474149638772484,0.028984637457588613,0.028495596841899173,0.028007031202195165,0.027518943933639628,0.0270313384162586
7.083333333333333,0.027247319159828365,0.02688170750623664,0.024565078835011578,0.028305822516413004,0.029880163399602644,0.028266195803951844,0.02794014318261917,0.03091154470327684,0.032888811222800074,0.032888811222800074,0.032888811222800074,0.032888811222800074,0.03298183916531383,0.03248609655589485,0.031990819867548925,0.03149601246611633,0.031001677700400743,0.03050781890236043,0.030014439387301417,0.02952154245406935,0.02902913138524399,0.02853720944733218,0.02804577989096524,0.02755484595108948,0.027064410847166265
7.166666666666667,0.027311559436106192,0.02694321927435417,0.024612622368188175,0.028373744500072462,0.0299509947835066,0.028321889781286025,0.027990158880915494,0.030972521242246254,0.032955901909643925,0.032955901909643925,0.032955901909643925,0.032955901909643925,0.03304956247583157,0.03255084982154943,0.032052621756132105,0.03155488148309327,0.03105763218858737,0.03056087704160526,0.030064619194175135,0.02956886178155993,0.029073607922456723,0.028578860719196575,0.02808462325794614,0.027590898608904846,0.027097689826509175
7.25,0.027375343923352613,0.02700432917764939,0.024660039319993166,0.02844114490974503,0.03002126164092922,0.028377320895704772,0.02804002952186413,0.031033150943368115,0.03302253919936371,0.03302253919936371,0.03302253919936371,0.03302253919936371,0.033116820295610916,0.032615193889659944,0.03211407071558914,0.03161345380962377,0.031113346190382085,0.030613750859078692,0.030114670799728405,0.02961610897935163,0.02911806834817754,0.028620551839850572,0.02812356237163538,0.027627102844620888,0.027131176143927238
7.333333333333333,0.027438674525058993,0.02706503907445712,0.024707331108530628,0.028508025625563205,0.03009096571174985,0.02843249075130516,0.028089756558702605,0.0310934353446628,0.033088724481431964,0.033088724481431964,0.033088724481431964,0.033088724481431964,0.03318361400270042,0.0326791301904914,0.032175168209623406,0.031671730924236474,0.03116882118069486,0.030666441807794653,0.0301645956169736,0.02966328540252139,0.029162513941787704,0.028662283995393834,0.028162598307442277,0.027663459605723695,0.02716487060193118
7.416666666666667,0.02750155311453084,0.027125350797072123,0.024754499144921338,0.0285743884921148,0.0301601086963752,0.028487400936277885,0.0281393414368023,0.03115337596196488,0.033154459114231205,0.033154459114231205,0.033154459114231205,0.033154459114231205,0.03324994494301725,0.03274266012695204,0.03223591567913364,0.031729714286998556,0.031224058620116457,0.030718951330404032,0.03021439505233947,0.0297103924031763,0.029206945983157206,0.028704058375729202,0.028201732147757008,0.02769996984973555,0.02719877401600579
7.5,0.027563981535170035,0.027185266151981136,0.024801544833380484,0.028640235318783125,0.030228692256108136,0.02854205302303625,0.028188785593749044,0.031212974289084983,0.033219744425272646,0.033219744425272646,0.033219744425272646,0.033219744425272646,0.03331581443057763,0.032805785074782934,0.03229631454237025,0.03178740533964164,0.031279059955023,0.03077128085928149,0.03026407050574509,0.02975743133052,0.02925136575270848,0.028745876174627538,0.02824096498202633,0.027736634544301753,0.027232887214717172
7.583333333333333,0.027625961600753257,0.02724478692009802,0.024848469571295828,0.02870556788008316,0.03029671801351097,0.02859644856834276,0.02823809045942438,0.031272231797968786,0.03328458171141602,0.03328458171141602,0.03328458171141602,0.03328458171141602,0.033381223747722455,0.03286850638274719,0.0323563661950903,0.03184480550568969,0.03133382661767925,0.030823431816609848,0.030313623370671783,0.02980440353091729,0.029295774531479912,0.028787738589796552,0.028280297906829066,0.027773454667281428,0.02726721103982177
7.666666666666667,0.027687495095714665,0.027303914856997125,0.024895274749310525,0.02877038791599973,0.030364187552775146,0.02865058911344187,0.02828725745608973,0.03133114993886221,0.033348972239092056,0.033348972239092056,0.033348972239092056,0.033348972239092056,0.03344617414535045,0.03293082537282288,0.032416072010716945,0.03190191619058913,0.03138836002634693,0.030875405614470885,0.030363055034242192,0.029851310347965843,0.02934017360119423,0.028829646822951194,0.028319732025955613,0.02781043120684079,0.027301746346379163
7.75,0.02774858377542322,0.02736265169314711,0.024941961751404174,0.028834697132321674,0.030431102420082956,0.028704476184187255,0.028336287998470544,0.031389730140472416,0.033412917244521445,0.033412917244521445,0.033412917244521445,0.033412917244521445,0.033510666843145076,0.03299274334039182,0.0324754333404953,0.03195873878183808,0.03144266158539,0.030927203654934177,0.030412366877295094,0.029898153122564608,0.029384564244327338,0.028871602079886705,0.028359268450490083,0.02784756516154885,0.027336494002865752
7.833333333333333,0.027809229366461796,0.027420999134144308,0.024988531954976523,0.028898497200978923,0.030497464123974583,0.028758111291175892,0.02838518349384378,0.03144797381013231,0.03347641793393774,0.03347641793393774,0.03347641793393774,0.03347641793393774,0.03357470302980725,0.03305426155443403,0.03253445151365364,0.0320152746491178,0.031496732685385664,0.030978827330149894,0.03046156027446778,0.029944933192989076,0.029428947744180478,0.028913605570554557,0.028398908298894465,0.027884857540475982,0.027371454891294444
7.916666666666667,0.027869433566904078,0.027478958860944314,0.025034986730932518,0.028961789760373113,0.030563274135707585,0.028811495929877307,0.02843394534212429,0.031505882333962676,0.03353947548380698,0.03353947548380698,0.03353947548380698,0.03353947548380698,0.03363828386328338,0.033115381257716736,0.03259312783755974,0.03207152514442413,0.03155057470323075,0.03103027802243874,0.03051063659427533,0.029991651894964555,0.029473325384953508,0.028955658509139504,0.028438652697096112,0.027922309363295428,0.027406629907333002
8,0.02792919804659144,0.02753653253009336,0.0250813274437669,0.02902457641571088,0.030628533889620613,0.02886463158076702,0.028482574935953853,0.03156345707703645,0.0336020910410495,0.0336020910410495,0.0336020910410495,0.0336020910410495,0.033701410470995175,0.03317610366698798,0.03265146359788185,0.03212749160219852,0.031604189002254035,0.03108155710438787,0.03055959719919299,0.030038310561743442,0.029517698451820618,0.028997762114140402,0.02847850277857744,0.027959921660386522,0.027442019960428166
8.083333333333334,0.027988524447405627,0.02759372177395969,0.02512755545165235,0.029086858739333588,0.030693244783492224,0.02891751970945755,0.02853107366079155,0.03162069938354217,0.03366426572325998,0.03366426572325998,0.03366426572325998,0.03366426572325998,0.03376408395006947,0.03323642997316645,0.03270946005874564,0.032183175339460135,0.03165757693232485,0.031132665938943704,0.030608443445740097,0.030084910524182273,0.029562068231008487,0.02903991760845237,0.02851845968446698,0.02799769547294262,0.027477625973932218
8.166666666666666,0.028047414383543412,0.027650528200959812,0.025173672106524325,0.029148638271044636,0.030757408178897938,0.028970161766830538,0.02857944289500214,0.03167761057694474,0.033726000618925944,0.033726000618925944,0.033726000618925944,0.033726000618925944,0.03382630536756559,0.033296361341531355,0.032767118462892375,0.03223857765593707,0.03171073982996364,0.03118360587950697,0.03065717668456447,0.030131453110821438,0.029606436009874004,0.0290821262194505,0.028558524563633947,0.028035631853078558,0.027513448885229996
8.25,0.028105869441785725,0.02770695339578899,0.025219678754170527,0.029209916518436074,0.030821025401567725,0.029022559189167962,0.028627684009948418,0.03173419196014948,0.0337872967876478,0.0337872967876478,0.0337872967876478,0.0337872967876478,0.03388807576070341,0.03335589891191426,0.03282444003183849,0.03229369983419805,0.03176367901845345,0.03123437827002684,0.030705798260526107,0.030177939647965557,0.02965080307698642,0.029124389179076005,0.028598698572785297,0.02807373186394324,0.027549489645872116
8.333333333333334,0.028163891181767875,0.027762998919644843,0.025265576734318174,0.02927069495721124,0.030884097741737726,0.029074713398283603,0.02867579837008183,0.03179044481566162,0.03384815526035534,0.03384815526035534,0.03384815526035534,0.03384815526035534,0.03394939613708825,0.033415043798884936,0.0328814259660295,0.032348543139782304,0.031816395807948705,0.031284984445098196,0.03075430951278446,0.030224371459763644,0.029695170722208397,0.02916670772392438,0.028638982876563635,0.0281119965798331,0.027585749221707312
8.416666666666666,0.028221481136245785,0.027818666310451823,0.025311367380721927,0.0293309750315065,0.030946626454502857,0.029126625801652928,0.028723787333033934,0.031846370405747004,0.03390857703952399,0.03390857703952399,0.03390857703952399,0.03390857703952399,0.034010267474937406,0.033473797091940094,0.032938077444998104,0.032403108821330795,0.03186889149558625,0.031335425730054656,0.03080271177488414,0.030270749868293034,0.029739540236780382,0.029209083095335764,0.028679378647648024,0.028150427086309104,0.027622228593020326
8.5,0.028278640811362443,0.02787395708308571,0.025357052021254933,0.02939075815421277,0.031008612760168974,0.029178297792544994,0.02877165224970968,0.031901969972593536,0.03396856309939289,0.03396856309939289,0.03396856309939289,0.03396856309939289,0.034070690723305486,0.03353215985569302,0.03299439562752049,0.03245739811071702,0.03192116736559658,0.031385703441067614,0.030851006374842616,0.030317076193643322,0.029783912913406096,0.02925151653948599,0.02871988706685813,0.028189024480316238,0.027658928754672463
8.583333333333334,0.02833537168690836,0.02792887272959166,0.02540263197799497,0.02945004570728882,0.031070057844595933,0.029229730750149896,0.02881939446437798,0.03195724473846617,0.03402811438617537,0.03402811438617537,0.03402811438617537,0.03402811438617537,0.03413066680230359,0.03359013313005388,0.03305038165176821,0.03251141222317311,0.03197322468941066,0.031435818885239275,0.030899194635236382,0.030363351753998513,0.029828290046338024,0.029294009307480273,0.028760509323258576,0.02822778987030472,0.027695850716242143
8.666666666666666,0.0283916752165847,0.02798341471940513,0.025448108567316607,0.029508839042077906,0.03113096285954664,0.029280926039708666,0.028867015314766098,0.032012195905867236,0.034087231818274555,0.034087231818274555,0.034087231818274555,0.034087231818274555,0.034190196603324674,0.03364771793041843,0.03310603663546274,0.03256515235742152,0.032025064725772046,0.03148577336069924,0.03094727787328999,0.030409577865724513,0.029872672931465782,0.029336562655448706,0.02880124661426664,0.028266724376354135,0.027732995502171676
8.75,0.02844755282826017,0.02803758449956728,0.02549348309997823,0.029567139479618865,0.031191328923027895,0.029331885012640946,0.02891451613215068,0.03206682465769051,0.03414591628649366,0.03414591628649366,0.03414591628649366,0.03414591628649366,0.034249280989261166,0.03370491524784858,0.03316136167602779,0.032618619695800044,0.03207668872084368,0.03153556815670133,0.03099525740096376,0.030455755843453725,0.02991706286640472,0.029379177844642612,0.02884210014576194,0.028305829130300664,0.027770364151915583
8.833333333333334,0.02850300592422661,0.02809138349494078,0.025538756881213542,0.029624948310956523,0.03125115711963189,0.029382609006672,0.028961898241451012,0.032121132157376886,0.03420416865424558,0.03420416865424558,0.03420416865424558,0.03420416865424558,0.034307920794724334,0.033761726049254426,0.03321635785073962,0.03267181540438879,0.03212809790831628,0.03158520455371705,0.03104313452504237,0.030501887000172534,0.02996146115058651,0.029421856141533143,0.02888307113219768,0.02834510527586609,0.02780795772009048
8.916666666666666,0.028558035881456334,0.028144813108424316,0.025583931210820143,0.02968226679744901,0.03131044850087639,0.0294330993459595,0.029009162961322943,0.03217511954906849,0.034261989757763844,0.034261989757763844,0.034261989757763844,0.034261989757763844,0.03436611682626345,0.03381815127757637,0.033271026216878274,0.03272474063313813,0.032179293509517315,0.03163468382353307,0.03109091054722346,0.030547972647308796,0.030005869085350856,0.029464598817912968,0.028924160796715448,0.02838455396878925,0.027845777276630956
9,0.028612644051847935,0.028197874721159533,0.025629007383249247,0.029739096171069512,0.03136920408553734,0.02948335734121721,0.029056311604248597,0.032228787957759186,0.034319380406306665,0.034319380406306665,0.034319380406306665,0.034319380406306665,0.034423869862577616,0.03387419185196028,0.033325367811872564,0.032777396515988544,0.03223027673351475,0.031684007229343614,0.031138586764205556,0.030594014094818656,0.030050287974036527,0.029507407150995535,0.028965370371259347,0.02842417637696082,0.027883823906945215
9.083333333333334,0.02866683176247986,0.02825056969274331,0.025673986687694494,0.029795437634712263,0.03142742485998573,0.029533384289840425,0.029103345476631404,0.0322821384894465,0.034376341382363895,0.034376341382363895,0.034376341382363895,0.034376341382363895,0.03448118065473338,0.033929848667937135,0.033379383653450834,0.03282978417099769,0.032281048777225596,0.0317331760258468,0.031186164467778,0.030640012651276693,0.030094719122076175,0.029550282423520313,0.029006701096695675,0.02846397368056075,0.02792209871207585
9.166666666666666,0.02872060031585666,0.028302899361434042,0.02571887040818388,0.029851292362489845,0.03148511177851976,0.029583181476029674,0.02915026587888847,0.032335172231281684,0.03443287344186241,0.03443287344186241,0.03443287344186241,0.03443287344186241,0.03453804992637677,0.03398512259759934,0.033433074739785296,0.03288190470046226,0.032331610825520496,0.031782191459339026,0.03123364494491021,0.030685969623964526,0.03013916383709092,0.029593225923857824,0.02904815422293261,0.028503947072196834,0.02796060280886281
9.25,0.028773950990151897,0.02835486504435547,0.02576365982366613,0.029906661500031406,0.031542265763693456,0.02963275017091105,0.0291970741055414,0.03238789025171607,0.034488977314367286,0.034488977314367286,0.034488977314367286,0.034488977314367286,0.03459447837394425,0.03404001448977367,0.03348644204963569,0.03293375919103769,0.032381964051328094,0.031831054767807565,0.03128102947783962,0.030731886318960733,0.03018362342898584,0.029636238946116,0.029089731009042108,0.02854409775704747,0.02799933733010973
9.333333333333334,0.02882688503945041,0.028406468037698973,0.025808356208101513,0.029961546164775754,0.03159888770664243,0.02968209163265767,0.029243771445308875,0.032440293600647596,0.03454465370328208,0.03454465370328208,0.03454465370328208,0.03454465370328208,0.03465046666687166,0.03409452517019318,0.03353948654249228,0.0329853487138585,0.03243210961573717,0.03187976718102381,0.03132831934416069,0.030777764041230338,0.030228099210046766,0.029679322790247653,0.029131432723384254,0.028584426953006448,0.028038303424752664
9.416666666666666,0.028879403693989447,0.028457709616926286,0.02585296083055111,0.030015947446266233,0.031654978467413386,0.029731207106611146,0.029290359181199488,0.032492383309567385,0.03459990328605089,0.03459990328605089,0.03459990328605089,0.03459990328605089,0.03470601544780494,0.034148655441671005,0.03359220915871819,0.03303667432465818,0.03248204866810167,0.0319283299206381,0.03137551581691511,0.03082360409471674,0.030272592495037998,0.029722478762162163,0.029173260643733823,0.028624935890830372,0.02807750225803396
9.5,0.028931508160395136,0.028508591036965347,0.025897474955265398,0.030069866406438717,0.03171053887528452,0.029780097825398144,0.029336838590602765,0.032544160391701604,0.034654726714354656,0.034654726714354656,0.034654726714354656,0.034654726714354656,0.03476112533280418,0.03420240608426761,0.033644610819688836,0.033087737063885125,0.0325317823461404,0.031976744200269414,0.03142262016467967,0.0308694077824323,0.03031710460130177,0.02976570817383517,0.029215216057409954,0.028665625814288775,0.028116935011676558
9.583333333333334,0.028983199621916977,0.028559113532407476,0.025941899841772864,0.030123304079909374,0.03176556972908684,0.029828765009048297,0.029383210945379323,0.03259562584215381,0.03470912461430764,0.03470912461430764,0.03470912461430764,0.03470912461430764,0.03481579691155079,0.03425577785545997,0.033696692427930275,0.0331385379568192,0.03258131177603851,0.032025011225598865,0.031469633651655116,0.030915176406550282,0.030361636848857287,0.02980901234342226,0.02925730026140494,0.028706497980317325,0.028156602884063853
9.666666666666666,0.029034479238662092,0.028609278317702547,0.02598623674496836,0.03017626147426067,0.03182007179752522,0.029877209865111443,0.029429477511954127,0.03264678063804505,0.0347630975866533,0.0347630975866533,0.0347630975866533,0.0347630975866533,0.034870030747550906,0.03430877149030809,0.03374845486725575,0.03318907801368742,0.032630638072547624,0.03207313219446051,0.03151655753775606,0.03096091126849676,0.0304061905605022,0.029852392595373756,0.029299514562519446,0.028747553659173475,0.028196507090421985
9.75,0.029085348147823487,0.028659086587348837,0.026030486915201934,0.030228739570322904,0.031874045819493046,0.02992543358877131,0.02947563955140553,0.032697625738652425,0.034816646206957236,0.034816646206957236,0.034816646206957236,0.034816646206957236,0.03492382737833677,0.03436138770161845,0.033799899002902034,0.03323935822977586,0.03267976233908332,0.03212110829693082,0.03156339307869738,0.031006613669043004,0.03045076706191363,0.029895850260550638,0.029341860277495746,0.028788794134594786,0.02823664886300503
9.833333333333334,0.02913580746391098,0.028708539516085985,0.026074651598367415,0.03028073932245734,0.03192749250439153,0.02997343736296121,0.029521698319556755,0.03274816208554854,0.03486977102580058,0.03486977102580058,0.03486977102580058,0.03486977102580058,0.034977187315670566,0.034413627180111206,0.033851025681664204,0.0332893795855449,0.03272868566782483,0.03216894071542087,0.03161014152608588,0.031052284908399175,0.03049536768175276,0.029939386676342883,0.029384338733156934,0.028830220703960574,0.028277029451285296
9.916666666666666,0.02918585827897502,0.028757638259080398,0.02611873203598858,0.030332261658831516,0.03198041253243922,0.030021222358474375,0.02956765506706538,0.03279839060273382,0.03492247256896874,0.03492247256896874,0.03492247256896874,0.03492247256896874,0.035030111045741164,0.0344654905945776,0.033901835732025765,0.033339143046736686,0.03277740913981009,0.03221663062476354,0.031656804127506044,0.03109792628630692,0.030539993751766525,0.029983003186787816,0.029426951266545487,0.028871834678455333,0.028317650122144933
10,0.029235501662830288,0.028806383952111325,0.026162729465307955,0.03038330748169704,0.03203280655498619,0.030068789734076562,0.029613511039513263,0.0328483121967722,0.03497475133764216,0.03497475133764216,0.03497475133764216,0.03497475133764216,0.03508259902936284,0.034516978592042724,0.033952329964291206,0.03338864956448662,0.032825933825031406,0.03226417919230351,0.03170338212660884,0.0311435391021333,0.030584646606893973,0.030026701142692236,0.02946969922506537,0.02891363738323749,0.02835851216007268
10.083333333333334,0.029284738597086024,0.028854777329525128,0.026206643267512097,0.030433877947254606,0.03208467565730433,0.030116139219407367,0.02965926532989993,0.03289792667853941,0.035026607349926575,0.035026607349926575,0.035026607349926575,0.035026607349926575,0.03513465132398297,0.03456809105119962,0.03400250806362015,0.03343789861607216,0.03287425897896057,0.03231158543819834,0.03174987429514187,0.031189121866522784,0.03062932448438138,0.03007047849600042,0.02951258026384007,0.028955626165469317,0.028399612593502876
10.166666666666666,0.029333569780999325,0.028902817602200148,0.026250465534652045,0.03048397528711444,0.0321360227177927,0.030163264953199542,0.029704908572833144,0.032947229594368244,0.035078038792502264,0.035078038792502264,0.035078038792502264,0.035078038792502264,0.03518626647188983,0.034618824887322264,0.03405236533596767,0.03348688391602783,0.032922376742806625,0.032358839948622986,0.0317962696827252,0.03123466211120607,0.030674013416915447,0.030114319799379174,0.029555577474712047,0.02899778267553499,0.028440931650891788
10.25,0.029381995837410857,0.028950503645846837,0.02629418683235274,0.030533601940057498,0.03218685097255558,0.030210159886803645,0.029750429618889962,0.032996215573263044,0.035129043443207,0.035129043443207,0.035129043443207,0.035129043443207,0.035237442673211605,0.034669176368613996,0.03410189614299952,0.03353559794499761,0.0329702777418337,0.03240593151922333,0.03184255528126689,0.03128014505034704,0.030718696867022555,0.030158206789928643,0.029598670895673695,0.029040085278736028,0.028482446051366628
10.333333333333334,0.029430017379704188,0.028997834386617516,0.02633779806758052,0.030582760270400744,0.032237163549471815,0.03025681721313389,0.029795817699934002,0.033044879413998585,0.035179619133446804,0.035179619133446804,0.035179619133446804,0.035179619133446804,0.03528817816724095,0.034719141868922776,0.034151095018006616,0.03358403342071292,0.03301795290331744,0.0324528493120253,0.03188871851284869,0.03132555639148493,0.030763358853192813,0.030202121822674455,0.02964184124395497,0.029082513080261663,0.028524133313908795
10.416666666666666,0.029477635011516456,0.029044808798353472,0.026381290473876273,0.030631452570355044,0.03228696347189186,0.030303230355922306,0.029841062412544028,0.03309321607725546,0.03522976374508002,0.03522976374508002,0.03522976374508002,0.03522976374508002,0.03533847122991296,0.03476871786247604,0.034199956657913866,0.03363218328729256,0.03306539344315329,0.032499582839369934,0.0319347472110072,0.03137088231418028,0.030807983925914773,0.030246047844009194,0.029685069886898008,0.029125045893515278,0.02856597172316011
10.5,0.02952484932647126,0.0290914258999726,0.02642465559731222,0.03067968106228025,0.0323362536621683,0.03034939295950534,0.02988615370225456,0.033141220678148064,0.03527947520745989,0.03527947520745989,0.03527947520745989,0.03527947520745989,0.03538832017141358,0.03481790091888293,0.03424847591568936,0.03368004070507191,0.03311259085312557,0.032546121948638485,0.03198062960293324,0.031416109449708296,0.030852557144881,0.030289968366432607,0.029728338814254407,0.029167664209993394,0.0286079402969035
10.583333333333334,0.02957166090793195,0.02913768475298739,0.02646788528312749,0.03072744790083748,0.03238503694502337,0.03039529887910164,0.029931081848556973,0.03318888847911672,0.03532875149462922,0.03532875149462922,0.03532875149462922,0.03532875149462922,0.03543772333391226,0.034866687698381416,0.03429664779312058,0.03372759904092826,0.03315953688879314,0.03259245680771605,0.032026354292531645,0.031461224861733195,0.030897064057298085,0.03033386744451727,0.029771630611822752,0.029210349170619043,0.028650018755116857
10.666666666666666,0.029618070328774282,0.029183584459151923,0.0265109716630072,0.030774755175049462,0.03243331605076771,0.030440942171567453,0.029975837450628484,0.03323621488317041,0.03537759062265877,0.03537759062265877,0.03537759062265877,0.03537759062265877,0.03548667908941261,0.034915074947324154,0.03434446743395014,0.03377485185907503,0.03320622355796288,0.03263857789115998,0.03207191024430123,0.0315062160279167,0.030941490677241834,0.030377729652028673,0.029814928436359134,0.02925308253846004,0.028692187490519938
10.75,0.029664078151180107,0.02922912415822765,0.026553907142970568,0.03082160491027719,0.03248109361838103,0.030486317086595216,0.03002041141374412,0.03328319542745839,0.03542599064712415,0.03542599064712415,0.03542599064712415,0.03542599064712415,0.035535185837719974,0.034963059493890114,0.03439193011734387,0.03382179291230658,0.03325264310972065,0.032684475967033944,0.03211728676798775,0.03155107082240871,0.030985823466001206,0.030421540060143526,0.029858215991686032,0.029295846672749537,0.028734427540527463
10.833333333333334,0.029709684926447544,0.029274303025860204,0.026596684391833714,0.03086799907010529,0.03252837219845239,0.03053141805833226,0.03006479493633285,0.03332982577715149,0.035473949660708604,0.035473949660708604,0.035473949660708604,0.035473949660708604,0.03558324200450835,0.03501063824400341,0.034439031251676244,0.033868416133657764,0.033298788023984116,0.032730142084366864,0.032162473503966504,0.031595777499167754,0.0310300493133564,0.03046528421670125,0.029901477505935192,0.029338624504140265,0.028776720560535596
10.916666666666666,0.029754891194817334,0.029319120271561916,0.026639296330216222,0.03091393955815347,0.03257515425599666,0.030576239697399865,0.030108979497648347,0.03337610171961791,0.035521465790929074,0.035521465790929074,0.035521465790929074,0.035521465790929074,0.035630846039490516,0.03505780817745441,0.03448576636861245,0.033914715628465375,0.03334465100155315,0.03277556756120892,0.032207460409316324,0.031640324676070586,0.0310741555197398,0.030508948126432456,0.029944697709864077,0.029381399511127837,0.02881904879846786
11,0.029799697485316745,0.02936357513679866,0.026681736120063748,0.030959428219812457,0.03262144217315033,0.03062077678329067,0.030152956846019485,0.03342201915888077,0.035568537197979255,0.035568537197979255,0.035568537197979255,0.035568537197979255,0.03567799641468605,0.035104566344212884,0.03453213111747888,0.03396068566680621,0.033390224954632064,0.03282074397324952,0.032252237744550216,0.03168470131976964,0.03111812977923556,0.030552518232119352,0.02998786181619173,0.029424155697576504,0.02886139507051344
11.083333333333334,0.02984410431561635,0.02940766689316754,0.026723997154656898,0.031004466843906675,0.032667238251750996,0.03066502425711959,0.030196718987645754,0.033467574110335185,0.03561516207267901,0.03561516207267901,0.03561516207267901,0.03561516207267901,0.03572469162277381,0.0351509098609144,0.03457812125989834,0.03400632067629128,0.03343550299779374,0.032865663142967794,0.03229679606096414,0.03172889673125523,0.03116196016336925,0.03059598139662878,0.03003095549989121,0.029466877571292738,0.02890374273799523
11.166666666666666,0.029888112191902128,0.02945139484066739,0.02676607304908285,0.03104905716429096,0.03271254471581142,0.03070897721471777,0.030240258175916024,0.033512762695719456,0.03566133863453014,0.03566133863453014,0.03566133863453014,0.03566133863453014,0.035770930175534676,0.03519683590752387,0.034623732664680995,0.03405161523519995,0.0334804784393703,0.0329103171292886,0.03234112618857421,0.03177290053208748,0.031205635105651996,0.030639324885779695,0.030073964879399506,0.029509550123588912,0.028946075685307715
11.25,0.029931721608760897,0.029494758306054747,0.02680795763114574,0.031093200861383785,0.03275736371388849,0.030752630900044764,0.03028356690121936,0.03355758113832108,0.03570706512986943,0.03570706512986943,0.03570706512986943,0.03570706512986943,0.03581671060237235,0.03524234172415586,0.034668961302957824,0.03409656406593542,0.03352514477324031,0.03295469821771846,0.03238521922461124,0.03181670265126346,0.03124914338683138,0.030682536351997802,0.03011687649868744,0.029552158809786455,0.02898837829886758
11.333333333333334,0.029974933049079056,0.029537756641280444,0.026849644932690486,0.031136899563639187,0.03280169732135785,0.030795980698907544,0.030326637881221474,0.03360202575841065,0.035752339830117164,0.035752339830117164,0.035752339830117164,0.035752339830117164,0.03586203144891442,0.035287424608051676,0.03471380324354301,0.034141162028783034,0.033569495670998206,0.03299879891093349,0.03242906652254329,0.03186029331268636,0.03129247412082292,0.030725603818719138,0.030159677310150013,0.029594689530610507,0.029030635447026665
11.416666666666666,0.03001774698395021,0.02958038922200079,0.026891129181321194,0.031180154848959862,0.03284554754259106,0.03083902213296419,0.030369464051585027,0.033646092968885544,0.03579716103011066,0.03579716103011066,0.03579716103011066,0.03579716103011066,0.035906891275681474,0.03533208191069703,0.03475825464851079,0.034185404115958606,0.03361352497448111,0.03304261191979996,0.032472659681598515,0.03190366302320369,0.03133561674127572,0.03076851566549821,0.03020235465827459,0.029637128614426134,0.029072832460895315
11.5,0.03006016387259769,0.029622655446166934,0.026932404792493037,0.03122296824605897,0.032888916313051464,0.03088175085400624,0.030412038557111165,0.03368977927111905,0.03584152704652621,0.03584152704652621,0.03584152704652621,0.03584152704652621,0.03595128865683206,0.035376311035083985,0.03480231176898396,0.0342292854459314,0.033657226688639685,0.033086130154802884,0.03251599053676402,0.031946802561190646,0.03137856098875025,0.03081126061379491,0.030244896264044918,0.029679462800279888,0.029114955116031238
11.583333333333334,0.03010218416230548,0.029664554732677262,0.02697346636195941,0.031265341235765076,0.0329318055013017,0.030924162638498176,0.030454354743278733,0.03373308125100172,0.03588543621637896,0.03588543621637896,0.03588543621637896,0.03588543621637896,0.035995222178967445,0.03542010943309859,0.0348459709411133,0.03427280125800669,0.03370059497473332,0.03312934671786216,0.03255905114923752,0.03198970296564285,0.031421296898470175,0.030853827713393622,0.030287290210045725,0.029721679221698327,0.029156989614948836
11.666666666666666,0.03014380828836072,0.02970608652010065,0.02701430865855392,0.031307275252283606,0.032974216910934606,0.03096625338236536,0.030496406148165178,0.033775995575165085,0.035928886895599144,0.035928886895599144,0.035928886895599144,0.035928886895599144,0.03603869044000407,0.03546347460303734,0.03488922858224619,0.03431594690715656,0.03374362414383225,0.03317225489452036,0.03260183379730508,0.03203235552576311,0.03146381478862326,0.03089620632943446,0.030329524926231866,0.029763765391211727,0.029198922570408792
11.75,0.030185036674003518,0.02974725026545788,0.027054926617293917,0.0313487716844052,0.033016152282427935,0.03100801909601536,0.030538186494722952,0.03381851898737831,0.03597187745768138,0.03597187745768138,0.03597187745768138,0.03597187745768138,0.03608169204810263,0.035506404087238375,0.034932081187271535,0.03435871785908562,0.033786308650613606,0.033214848146476905,0.03264433096762942,0.03207475177100738,0.031506105249181404,0.030938386130015427,0.03037158917632854,0.029805709185561247,0.0292407409894464
11.833333333333334,0.030225869730388544,0.02978804544306546,0.027095315332787084,0.03138983187667432,0.03305761329492851,0.031049455899583522,0.0305796896834043,0.03386064830511315,0.03601440629240327,0.03601440629240327,0.03601440629240327,0.03601440629240327,0.036124225620656425,0.03554889546982953,0.03497452532513301,0.034401109685519904,0.03382864308743727,0.033257120104458915,0.03268653534692345,0.03211688346157615,0.03154815913121567,0.0309803570743461,0.030413472044832357,0.029847498831561348,0.029282432258105118
11.916666666666666,0.03026630785655393,0.029828471543434265,0.027135470052928268,0.031430457130513734,0.03309860156796818,0.031090560018391944,0.030620909785106454,0.03390238041626281,0.03605647180460947,0.03605647180460947,0.03605647180460947,0.03605647180460947,0.036166289783332806,0.0355909463745816,0.03501655763550393,0.03444311805971023,0.03387062217868397,0.0332990645614073,0.03272843981399309,0.03215874257932194,0.03158996753668286,0.031022109401419584,0.030455162924581725,0.02988912289257839,0.029323984126838676
12,0.03030635143939664,0.029868528072220624,0.02717538617286741,0.031470648705306026,0.03313911866311381,0.031131327778605833,0.03066184103442815,0.03394371227601134,0.03609807241305729,0.03609807241305729,0.03609807241305729,0.03609807241305729,0.036207883169164345,0.035632554462862176,0.03505817482561002,0.0344847387521352,0.033912240775347824,0.033340675465963754,0.032770037432129806,0.03220032131905737,0.03163152180865669,0.03106363361918074,0.030496651504869687,0.02993057025560142,0.029365384696547814
12.083333333333334,0.030346000853660016,0.029908214549231982,0.027215059229244165,0.031510407819443254,0.033179166085559375,0.031171755603087492,0.030702477823222774,0.03398464090384845,0.03613920654932512,0.03613920654932512,0.03613920654932512,0.03613920654932512,0.036249004417695296,0.035673717431691676,0.03509937366720517,0.034525967626400256,0.03395349384986868,0.03338194691624685,0.032811321441838626,0.03224161208024312,0.03167281352198725,0.031104920494164245,0.03053792776007458,0.029971830118873832,0.029406622405223626
12.166666666666666,0.03038525646192225,0.029947530507475895,0.027254484894665643,0.03154973565133057,0.03321874528565427,0.031211840007427716,0.030742814694426857,0.03402516338071426,0.03617987265677325,0.03617987265677325,0.03617987265677325,0.03617987265677325,0.03628965217416713,0.035714433011886815,0.035140150993676844,0.03456680063531703,0.0339943764911903,0.033422873153898136,0.03285228525387951,0.03228260745903677,0.03171383447436349,0.03114596104158207,0.03057898193878006,0.030012891980055745,0.029447686015166674
12.25,0.03042411861459926,0.029986475492259856,0.027293658972425527,0.03158863334036455,0.03325785766038125,0.03125157759615682,0.030782846336161684,0.03406527684627969,0.03622006918956444,0.03622006918956444,0.03622006918956444,0.03622006918956444,0.03632982508875626,0.03575469896629646,0.0351805036972912,0.03460723381716124,0.03403488390004128,0.033463448558391784,0.03289292244261666,0.03232330024068619,0.03175457667776338,0.031186746515838193,0.03061980455336366,0.030053745624898376,0.029488564600752998
12.333333333333334,0.03046258764994758,0.030025049060331765,0.027332577391445012,0.031627101987872,0.033296504554777506,0.03129096505911577,0.030822567576083815,0.03410497849634431,0.036259794611731566,0.036259794611731566,0.036259794611731566,0.036259794611731566,0.03636952181584974,0.03579451308812054,0.035220428726557396,0.03464726329209289,0.034075011384417264,0.033503667641589185,0.032933226739650934,0.03236368339225093,0.031795032350268926,0.03122726840144807,0.03066038637003099,0.030094381116399838,0.029529247536722814
12.416666666666666,0.030500663894077462,0.030063250779064354,0.027371236201431115,0.031665142658018786,0.03333468726330824,0.0313299991679894,0.030861973375981178,0.03414426558035677,0.0362990473962983,0.0362990473962983,0.0362990473962983,0.0362990473962983,0.03640874101336444,0.03583387319930931,0.035259923083716505,0.03468688525873964,0.034114754355266896,0.033543525042531996,0.03297319202772919,0.03240375005563534,0.03183519390823375,0.031267518404347605,0.030700718399273574,0.030134788784422994,0.029569724486967264
12.5,0.03053834766097019,0.030101080225676924,0.02740963156823706,0.03170275637868958,0.03337240703118827,0.03136867677298816,0.030901058826598105,0.034183135399042275,0.036337826024444464,0.036337826024444464,0.036337826024444464,0.036337826024444464,0.036447481342104515,0.03587277714903836,0.03529898382234187,0.03472609599092902,0.03415410832236132,0.033583015522459014,0.033012812334915376,0.03244349354092013,0.03187505395878354,0.03130748844357001,0.030740791886731955,0.030174959215751862,0.029609985393787897
12.583333333333334,0.03057563925250384,0.030138536986499265,0.027447759769420488,0.03173994414233827,0.03340966505566323,0.0314069947996749,0.030939819142682623,0.03422158530214214,0.036376128984720424,0.036376128984720424,0.036376128984720424,0.036376128984720424,0.036485741465157595,0.035911222812262,0.035337608045050706,0.03476489183456666,0.03419306889034757,0.0336221339600391,0.03305208182901076,0.03248290731997905,0.03191460529263468,0.03134717064327597,0.03078059830444424,0.03021488324456789,0.029650020467608007
12.666666666666666,0.03061253895847882,0.030175620656266444,0.027485617189985323,0.03177670690680934,0.03344646248724081,0.031444950245927306,0.03097824965824203,0.03425961268625044,0.036413954772299695,0.036413954772299695,0.036413954772299695,0.036413954772299695,0.036523520047325064,0.03594920808832969,0.03537579290131809,0.0348032692046516,0.03423163175497046,0.033660875346808394,0.03309099481221178,0.032521985020364186,0.031953840877215756,0.03138655732511797,0.030820129342462366,0.03025455194332549,0.0296898201771163
12.75,0.03064904705665583,0.030212330837452228,0.027523200318301244,0.03181304559613607,0.03348280043088647,0.03148254017903174,0.031016345821998303,0.034297214992752734,0.03645130188827861,0.03645130188827861,0.03645130188827861,0.03645130188827861,0.036560815754587805,0.03598673089967508,0.03541353558539195,0.03484122458242478,0.03426979269946062,0.033699234782803345,0.0331295457159968,0.03256072041945246,0.031992753850079936,0.03142564100092704,0.03085937690081897,0.030293956614007023,0.02972937523981911
12.833333333333334,0.03068516381279207,0.03024866713963381,0.02756050574219393,0.031848961101310636,0.03351867994717317,0.03151976173290105,0.031054103193037585,0.03433438970585323,0.03648816883901085,0.03648816883901085,0.03648816883901085,0.03648816883901085,0.036597627253604825,0.03602378919056681,0.03545083333430221,0.03487875451264233,0.0343075475910779,0.033737207472380515,0.03316772909622823,0.03259910743883632,0.032031337512593794,0.03146441436570413,0.03089833308183021,0.030333088779745276,0.02976867661298699
12.916666666666666,0.030720889480687852,0.030284629178888745,0.02759753014519495,0.03188445428103304,0.03355410205340026,0.031556612105413606,0.031091517436639737,0.03437113435069605,0.03652455413548439,0.03652455413548439,0.03652455413548439,0.03652455413548439,0.03663395321124496,0.03606038092592234,0.035487683425962535,0.03491585560096966,0.03434489237780558,0.033774788720216664,0.03320553962846273,0.03263714013895358,0.032069585323888816,0.031502870290903484,0.030936990182717006,0.030371940176788348,0.029807715484974295
13,0.030756224302233015,0.030320216577220505,0.02763427030294685,0.03191952596243608,0.0335890677246693,0.03159308855586418,0.03112858432028287,0.034407446491566906,0.036560456292730636,0.036560456292730636,0.036560456292730636,0.036560456292730636,0.036669792294145465,0.03609650409017795,0.03552408317735689,0.034952524511491,0.034381823085186,0.03381197392747648,0.033242972103459945,0.03267481271393935,0.032107490895066704,0.03154100181799557,0.030975340688532693,0.030410502746800017,0.02984648326689676
13.083333333333334,0.030791168507460664,0.030355428962014486,0.027670723079755044,0.031954176941787926,0.033623577894929646,0.03162918840252349,0.031165299709814853,0.03444332373017933,0.036595873829273096,0.036595873829273096,0.036595873829273096,0.036595873829273096,0.03670514316830298,0.03613215668621783,0.035560029942811155,0.034988757964328654,0.0344183358132939,0.03384875858814551,0.03328002142287945,0.03271211948669461,0.03214504798364515,0.03157880215229558,0.03101337726538156,0.03044876862947432,0.029884971584650533
13.166666666666666,0.030825722314604453,0.030390265965520413,0.027706885425281103,0.031988407985176215,0.033657633457991,0.03166490902030361,0.03120165956578491,0.03447876370403713,0.03663080526660645,0.03663080526660645,0.03663080526660645,0.03663080526660645,0.036740004498691414,0.03616733673435579,0.03559552111234421,0.03502455273336791,0.034454426733839805,0.03388513828551898,0.033316682595158964,0.03274905490416136,0.03218225048823253,0.031616264657048365,0.031051092753917153,0.030486730155454778,0.02992317227125718
13.25,0.03085988593015898,0.03042472722436118,0.027742754371369083,0.03202221982916931,0.03369123526850215,0.03170024783852088,0.03123765993992511,0.034513764084872944,0.03666524912870894,0.03666524912870894,0.03666524912870894,0.03666524912870894,0.03677437494890712,0.03620204227136914,0.03563055411009497,0.03505990564408279,0.034490092087400503,0.03392110868883913,0.03335295073156708,0.032785613532792635,0.03221909244342647,0.0316533828477541,0.031088480163106613,0.03052437983954115,0.029961077359521138
13.333333333333334,0.03089365954894374,0.030458812379066558,0.027778327029001293,0.03205561318146111,0.033724384142901576,0.03173520233875449,0.03127329697178016,0.03454832257715568,0.03669920394158588,0.03669920394158588,0.03669920394158588,0.03669920394158588,0.036808253180838024,0.03623627134958074,0.035665126392822044,0.03509481357145705,0.03452532818076581,0.03395666555007493,0.03338882104241914,0.03282179005421204,0.03225556801491769,0.03169015038672951,0.03112553266424878,0.03056171037417288,0.029998679074983547
13.416666666666666,0.030927043354173067,0.03049252107363154,0.027813600585376186,0.032088588721497224,0.03375708086033846,0.031769770052796575,0.03130856688547401,0.03458243691666918,0.036732668232842824,0.036732668232842824,0.036732668232842824,0.036732668232842824,0.036841637854360565,0.03627002203599128,0.03569923544847464,0.035129273437999764,0.0345601313844035,0.033991804700839845,0.03342428883345283,0.03285757926105348,0.03229167149480139,0.031726561077890514,0.031162243585238114,0.030598714623179424,0.030035969829164122
13.5,0.030960037517526517,0.03052585295509669,0.027848572301105712,0.03212114710108338,0.03378932616356822,0.031803948560689355,0.03134346598661231,0.03461610486915445,0.03676564053128861,0.03676564053128861,0.03676564053128861,0.03676564053128861,0.03687452762705945,0.036303292411455246,0.03573287879483078,0.03516328221184861,0.034594498130031015,0.03402652204943979,0.03345934950235696,0.03289297605297303,0.03232739729707612,0.031762608861747976,0.031198606405060447,0.030635385615780164,0.030072942213072773
13.583333333333334,0.03099264219922393,0.030558807673151334,0.027883239507520807,0.03215328894497649,0.033821120759818024,0.03183773548884439,0.03137799065931013,0.03464932422901512,0.03679811936656319,0.03679811936656319,0.03679811936656319,0.03679811936656319,0.03690692115396832,0.03633608056990023,0.0357660539781981,0.03519683690495712,0.03462842490829554,0.03406081357804536,0.03349399853544255,0.032927975432824885,0.0323627399533315,0.031798287810607784,0.031234614748512524,0.030671716540829896,0.03010958899098437
13.666666666666666,0.031024857548105578,0.030591384879757877,0.027917599604090126,0.032185014851463745,0.03385246532163255,0.03187112850824314,0.031412137363343806,0.034682092818084875,0.0368301032687961,0.0368301032687961,0.0368301032687961,0.0368301032687961,0.03693881708733815,0.0363683846175924,0.035798758572179956,0.03522993457136536,0.034661908266552466,0.03409467533998667,0.03352823150445561,0.03296257250299739,0.03239769410860971,0.03183359212396697,0.031270262381134506,0.030707700741293253,0.030145903094461968
13.75,0.03105668370171122,0.03062358422879452,0.027951650055936472,0.0322163253929213,0.03388336048769092,0.03190412533271347,0.031445902631417555,0.03471440848444929,0.03686159076828677,0.03686159076828677,0.03686159076828677,0.03686159076828677,0.036970214076421204,0.03640020267243638,0.035830990176497046,0.035262572305546636,0.03469494480674151,0.034128103457160996,0.0335620440635227,0.032996762461898976,0.03243225451743914,0.03186851612409569,0.031305543204349195,0.030743331708944055,0.030181877616620945
13.833333333333334,0.03108812078636536,0.030655405375719535,0.02798538839145448,0.03224722111636247,0.03391380686360357,0.0319367237172794,0.03147928306654513,0.034746269101326055,0.03689258039521137,0.03689258039521137,0.03689258039521137,0.03689258039521137,0.03700111076727852,0.03643153286331913,0.03586274641586784,0.035294747240830926,0.03472753118335481,0.034161094117551416,0.03359543194622261,0.033030540600590186,0.03246641604002787,0.03190305425179907,0.03134045125079421,0.030778603079275157,0.03021750580661986
13.916666666666666,0.031119168917265405,0.030686847977253517,0.02801881220002267,0.03227770254397089,0.03394380502268812,0.0319689214565817,0.03151227533953649,0.034777672565998285,0.03692307067935485,0.03692307067935485,0.03692307067935485,0.03692307067935485,0.03703150580260872,0.036462373329489095,0.035894024938946334,0.035326456547899454,0.03475966410149689,0.03419364357285293,0.033628390962784804,0.033063902299554915,0.03250017363861435,0.03193720106235265,0.03137498067984601,0.030813508626613695,0.030252781064373346
14,0.031149828198570262,0.03071791169107807,0.028051919129805203,0.0323077701736203,0.033973355506720315,0.03200071638336466,0.03154487618658863,0.03480861679879621,0.03695306014986244,0.03695306014986244,0.03695306014986244,0.03695306014986244,0.037061397821593234,0.03649272221997224,0.03592482341730707,0.03535769743334849,0.034791340315025954,0.03422574813619783,0.0336609169974007,0.03309684302560423,0.03253352237396734,0.03197095122159932,0.03140912577332022,0.030848042259430164,0.030287696935474617
14.083333333333334,0.031180098723494254,0.030748596175553145,0.028084706885640243,0.032337424479382815,0.03400245882667119,0.03203210636702902,0.03157708240697499,0.03483909974213262,0.036982547335016935,0.036982547335016935,0.036982547335016935,0.036982547335016935,0.03709078545976374,0.03652257769302247,0.03595513954448637,0.03538846713831978,0.0348225566247804,0.03425740417998058,0.033693006005651505,0.033129358328910286,0.03256645740202857,0.03200429950220718,0.031442880931348505,0.030882198015837137,0.030322247106318034
14.166666666666666,0.031209980574401275,0.03077890108945014,0.028117173227012238,0.032366665912023196,0.034031115463419415,0.03206308931224622,0.0316088908608303,0.03486911935958137,0.037011530762036005,0.037011530762036005,0.037011530762036005,0.037011530762036005,0.037119667348884056,0.036551937915605626,0.03598497103506837,0.03541876293719559,0.034853309876883065,0.034288608133775655,0.03372465401204283,0.0331614438401604,0.032598973970692446,0.03203724078007819,0.0314762406684177,0.03091597005926494,0.030356425399418407
14.25,0.03123947382290404,0.03080882609169988,0.028149315966102817,0.032395494899484234,0.03405932586844851,0.03209366315763207,0.03164029846702521,0.034898673635003874,0.037040008956889414,0.037040008956889414,0.037040008956889414,0.037040008956889414,0.03714804211685263,0.03658080106291606,0.03601431562382018,0.0354485821363526,0.03488359696112142,0.034319356482344965,0.033755857107643505,0.033193095267832096,0.032631067416718285,0.03206977003090139,0.03150919960957044,0.03094935267431209,0.030390225768912815
14.333333333333334,0.031268578529961566,0.030838370841157037,0.028181132965918065,0.03242391184735771,0.03408709046452629,0.03212382587447782,0.03167130220112857,0.03492776057171754,0.03706798044413784,0.03706798044413784,0.03706798044413784,0.03706798044413784,0.03717590838761953,0.03660916531792302,0.03604317106487076,0.03547792207297795,0.034913414809399246,0.03434964576373245,0.033786611447824466,0.03322430839557944,0.03266273316276935,0.03210188232684663,0.03154175248675717,0.03098234026275959,0.030423642296242726
14.416666666666666,0.031297294745985305,0.030867534996378954,0.028212622138491517,0.03245191713934914,0.034114409646367694,0.03215357546553688,0.03170189909345522,0.034956378191708826,0.037095443746791634,0.037095443746791634,0.037095443746791634,0.037095443746791634,0.03720326478112401,0.03663702887095055,0.036071535130935306,0.03550678011394104,0.03494276039426181,0.03437947256744134,0.03381691325009473,0.03325507907972991,0.032693966714572475,0.032133572833393576,0.0315738941353354,0.031014927339745313,0.030456669186005314
14.5,0.03132562251094062,0.030896318215416274,0.028243781443152427,0.03247951113772829,0.03414128378128045,0.03218290996386264,0.03173208622719148,0.034984524534883654,0.037122397386184725,0.037122397386184725,0.037122397386184725,0.037122397386184725,0.03723010991324238,0.03666438991928156,0.03609940561257896,0.0355351536547186,0.03497163072748388,0.034408833532691974,0.03384675879202792,0.03328540324688345,0.0327247636581951,0.03216483680628679,0.0316056194907095,0.031047108530089185,0.03048930076196954
14.583333333333334,0.03135356185445626,0.030924720155620866,0.028274608884867547,0.03250669418377372,0.03416771320979817,0.03221182743169915,0.031761860736601255,0.03501219765836083,0.03714883988187356,0.03714883988187356,0.03714883988187356,0.03714883988187356,0.03725644239575732,0.03669124666679546,0.03612678031752359,0.03556304011837508,0.03500002285872772,0.03443772534675582,0.033876144409278997,0.0333152768916154,0.03275511965743516,0.03219566958861764,0.0316369235851055,0.031078878564766432,0.030521531463250984
14.666666666666666,0.031381112795931365,0.030952740473462192,0.0283051025126424,0.03253346659820422,0.03419369824629581,0.032240325959418614,0.03179121980530253,0.035039395635798165,0.037174769751545655,0.037174769751545655,0.037174769751545655,0.037174769751545655,0.03728226083633657,0.03671759732362667,0.03615365706999141,0.03559043695459074,0.0350279338742574,0.034466144743363625,0.03390506649368574,0.03334469607427337,0.03278503045131753,0.03222606660802252,0.03166780154447535,0.031110232277521188,0.0305533558406359
14.75,0.03140827534464896,0.03098037882435989,0.028335260417989172,0.03255982868160601,0.03421923917959391,0.03226840366450778,0.031820160664620234,0.03506611655675984,0.03720018551095294,0.03720018551095294,0.03720018551095294,0.03720018551095294,0.03730756383853295,0.03674344010585595,0.03618003371008771,0.03561734163874264,0.035055360895720034,0.034494088501185294,0.0339335214914529,0.033373656918868955,0.03281449185169549,0.03225602337399769,0.03169824858552728,0.031141164601614202,0.03058476855305181
14.833333333333334,0.0314350494998874,0.03100763486252589,0.028365080733450343,0.03258578071484708,0.034244336273547615,0.03229605869059782,0.031848680592003076,0.0350923585261147,0.037225085673856295,0.037225085673856295,0.037225085673856295,0.037225085673856295,0.03733235000179236,0.03676877323522176,0.03620590809321911,0.035643751671028845,0.03508230107897847,0.03452155344237773,0.03396150590141489,0.03340215561105775,0.03284349974095169,0.032285535475322424,0.031728260012875875,0.031171670566702225,0.0306157643641789
14.916666666666666,0.0314614352510354,0.031034508240818326,0.028394561631182702,0.03261132295948599,0.034268989767623825,0.03232328920653749,0.03187677690950985,0.03511811966347089,0.037249468751988424,0.037249468751988424,0.037249468751988424,0.037249468751988424,0.037356617921478597,0.036793594938858476,0.036231278089546626,0.03566966457563958,0.03510875161300486,0.03454853643119837,0.03398901627337492,0.03343018839620604,0.03287205006979388,0.032314598577589004,0.03175783121630538,0.031201745295841077,0.030646338139193485
15,0.031487432577711694,0.03106099861060807,0.028423701321595773,0.03263645565817419,0.03429319987746737,0.03235009340551098,0.03190444698235839,0.035143398102643,0.03727333325503457,0.03727333325503457,0.03727333325503457,0.03727333325503457,0.037380366188913605,0.036817903449059886,0.03625614158347479,0.03569507789997384,0.03513470971882571,0.03457503437268428,0.034016049206517796,0.03345775157754094,0.03290013885514553,0.032343208420833935,0.031786957668148874,0.03123138400260972,0.03067648484164298
15.083333333333334,0.03151304262155219,0.031087106822637933,0.028452499306383272,0.03266118024785447,0.03431696814047891,0.032376471098286785,0.0319316899392752,0.035168193806224934,0.03729667957576255,0.03729667957576255,0.03729667957576255,0.03729667957576255,0.03740359526749226,0.03684169891281863,0.03628049841368286,0.035719991182270316,0.03516017464189569,0.034601046226953924,0.034042603382863135,0.033484843566014666,0.03292776424371957,0.032371362894157096,0.03181563700632051,0.03126058407996868,0.030706201625571694
15.166666666666666,0.03153827115246255,0.03111283847950075,0.02848096008600476,0.03268550294872341,0.034340301397411066,0.03240242842921326,0.031958511765355135,0.03519251393865552,0.03731951557319535,0.03731951557319535,0.03731951557319535,0.03731951557319535,0.0374263130491399,0.036864989047265206,0.03630435611883431,0.035744411778994234,0.035185153552695914,0.034626578974658484,0.034068685589332626,0.03351147095086482,0.032954932623059596,0.032399068179345125,0.03184387520273413,0.0312893512857908,0.030735494030591948
15.25,0.03156312497004565,0.031138200246383585,0.0285090893025588,0.03270943104084845,0.03436320766531131,0.032427972981053044,0.03198492001395614,0.03521636729775146,0.0373418507934431,0.0373418507934431,0.0373418507934431,0.0373418507934431,0.03744852910318275,0.03688778328407327,0.03632772398648698,0.035768348827109,0.035209655431097,0.03465164143206434,0.03409430447205919,0.03353764220154476,0.03298165227937955,0.03242633237279691,0.03187168015738284,0.031317693317058914,0.03076436954405737
15.333333333333334,0.03158761072369076,0.031163198641381396,0.028536892475063746,0.03273297164317901,0.03438569478370557,0.032453112168912,0.03201092207155276,0.03523976248681571,0.0373636945720468,0.0373636945720468,0.0373636945720468,0.0373636945720468,0.03747025278789051,0.036910090846764776,0.03635061109911719,0.035791811261730144,0.035233689058524975,0.034676242220563536,0.034119468486041526,0.033563365600288275,0.0330079313157603,0.032453163392040185,0.03189905959582773,0.03134561770094013,0.030792835488301806
15.416666666666666,0.03161173491663116,0.03118784003947228,0.028564375002780418,0.03275613171789549,0.03440777041938459,0.03247785324476471,0.03203652516223876,0.03526270791987596,0.037385056039634934,0.037385056039634934,0.037385056039634934,0.037385056039634934,0.03749149325614631,0.03693192075630569,0.03637302633963424,0.035814807821557215,0.035257263023303675,0.03470038977192269,0.034144185900296664,0.033588649247155544,0.03303377765708837,0.032479568980556595,0.031926021073903854,0.031373131799369514,0.030820899025096216
15.5,0.03163550390987302,0.03121213067636286,0.02859154216842641,0.0327789180746223,0.0344294420710376,0.03250220330183495,0.032061736352089865,0.035285211826753704,0.03740594412740261,0.03740594412740261,0.03740594412740261,0.03740594412740261,0.03751225946093606,0.03695328183652258,0.03639497839672079,0.03583734705413244,0.035280385725824814,0.03472409233336382,0.03416846480284419,0.03361350106492034,0.03305919905483612,0.032505556712453254,0.031952571982276856,0.031400242813486745,0.030848567159958984
15.583333333333334,0.03165892392599434,0.0312360766522104,0.028618399141288053,0.032801337374499306,0.03445071707373493,0.03252616927883456,0.03208656255338216,0.03530728225797097,0.03742636757240958,0.03742636757240958,0.03742636757240958,0.03742636757240958,0.037532560160661754,0.036974182719343496,0.036416475769998735,0.035859437320927556,0.0353030653835551,0.03474735797248174,0.034192313105530836,0.03363792880379646,0.033084203091689135,0.03253113399698204,0.03197871955085274,0.03142695778792959,0.030875846746330815
15.666666666666666,0.03168200105282848,0.0312596839352286,0.028644950980233563,0.03282339613413132,0.0344716026032712,0.03254975796406945,0.03211101052867993,0.03532892708950408,0.03744633492271743,0.03744633492271743,0.03744633492271743,0.03744633492271743,0.03755240392428605,0.036994631849877724,0.03643752677503609,0.0358810868022732,0.03532531003588191,0.03477019458200625,0.034215738548704966,0.033661940046017635,0.03310879718602622,0.032556308082919205,0.032004470853048694,0.031453283614993666,0.030902744489615053
15.75,0.03170474124702638,0.03128295836517725,0.028671202636630477,0.03284510072940705,0.034492105680370866,0.03257297599941422,0.03213508689479316,0.03535015402738351,0.037465854542358734,0.037465854542358734,0.037465854542358734,0.037465854542358734,0.03757179913631559,0.03701463749132938,0.036458139548192214,0.03590230350213064,0.03534712754880842,0.03479260988441357,0.034238748705740285,0.033685542210271535,0.03313298859625924,0.03258108606280352,0.03202983280992755,0.031479227038657465,0.03092926695109255
15.833333333333334,0.03172715033751006,0.031305905656742405,0.02869715895717051,0.0328664573992008,0.0345122331747596,0.03259582988416243,0.032158798126609156,0.035370970612153,0.03748493461615454,0.03748493461615454,0.03748493461615454,0.03748493461615454,0.03759075400162737,0.03703420772976185,0.03647832205131185,0.035923095252714754,0.03536852561949999,0.03481461143639364,0.03426135098741856,0.03370874255599432,0.033156784425034225,0.03260547487704213,0.0320548121942037,0.031504794658483215,0.03095542055171041
15.916666666666666,0.03174923402881569,0.03132853140281222,0.02872282468660803,0.03288747224895783,0.03453199180911071,0.032618325978757357,0.032182150560806866,0.035391384223185884,0.037503583154378406,0.037503583154378406,0.037503583154378406,0.037503583154378406,0.03760927655014412,0.0370533504787105,0.036498082076273475,0.03594346971897133,0.03538951178068794,0.034836206633176436,0.03428355264617622,0.0337315481875311,0.033180191623303434,0.03262948131788823,0.03207941563412198,0.031529992933394535,0.03098121157575484
16,0.03177099790433369,0.031350841077648406,0.028748204470410155,0.032908151254166684,0.0345513881628674,0.032640470508403574,0.03220515039945293,0.03541140208287019,0.03752180799727722,0.03752180799727722,0.03752180799727722,0.03752180799727722,0.037627374641364675,0.037072073483652934,0.03651742724939533,0.03596343440291583,0.035410093404937726,0.03485740271272486,0.03430536078021729,0.03375396605816694,0.03320321699426909,0.03265311203329535,0.0321036496172169,0.03155482818533639,0.031006646174407404
16.083333333333332,0.031792447429447535,0.03137284003996044,0.028773302857327154,0.032928500263725846,0.03457042867594651,0.03266226956657037,0.03222780371348821,0.03543103126066205,0.03753961681945173,0.03753961681945173,0.03753961681945173,0.03753961681945173,0.037645055968754226,0.037090384326340375,0.0365363650357049,0.03598299664783866,0.035430277708784264,0.03487820675979747,0.03432678233749953,0.03377600297403194,0.03322586719720566,0.032676373530650116,0.03212752049395573,0.031579306602822044,0.031031730369193156
16.166666666666668,0.031813587954578004,0.031394533535886504,0.028798124301882444,0.03294852500320644,0.034589119652330025,0.03268372911838546,0.03225011644610598,0.03545027867701567,0.03755701713410353,0.03755701713410353,0.03755701713410353,0.03755701713410353,0.03766232806400116,0.0371082904289981,0.03655490274307982,0.036002163642380625,0.0354500717567412,0.034898625709886666,0.03434782411959958,0.03379766559788977,0.03324814875116444,0.032699272180393146,0.03215103448126855,0.03160343424437051,0.031056470055320418
16.25,0.03183442471813036,0.031415926701879204,0.02882267316678644,0.03296823107801283,0.034607467263544134,0.03270485500392373,0.03227209441602663,0.03546915110719273,0.03757401629715007,0.03757401629715007,0.03757401629715007,0.03757401629715007,0.037679198301140415,0.03712579905839464,0.03657304752625734,0.036020942424482616,0.035469482465184665,0.03491866635303609,0.03436849278545662,0.03381896045280519,0.033270068038564915,0.03272181421952691,0.03217419766596952,0.03162721704183857,0.031080871004919963
16.333333333333332,0.03185496284935474,0.03143702456750774,0.028846953725276014,0.032987623976449054,0.03462547755203449,0.03272565294139729,0.03229374332067314,0.03548765518495567,0.03759062151121584,0.03759062151121584,0.03759062151121584,0.03759062151121584,0.03769567390055539,0.03714291732978903,0.03659080639072698,0.036039339885217014,0.03548851660612318,0.034938335337540316,0.03438879485500501,0.03383989392570341,0.033291631308675296,0.03274400575501679,0.03219701600807623,0.0316506608036522,0.031104938870183618
16.416666666666668,0.03187520737111904,0.03145783205817154,0.028870970163383802,0.03300670907269243,0.034643156434437605,0.032746128530248164,0.03231506873924905,0.03550579740614945,0.03760683982950397,0.03760683982950397,0.03760683982950397,0.03760683982950397,0.037711761932855525,0.037159652210757566,0.03660818619650108,0.036057362772502266,0.03550718081084869,0.034957639173536004,0.034408736712695065,0.03386047227082001,0.03331284468098983,0.03276585276709021,0.032219495344025795,0.031673771217937574,0.031128679186410046
16.5,0.031895163202596555,0.031478353997733244,0.028894726582138652,0.03302549162967483,0.034660509704754316,0.03276628725414765,0.03233607613572498,0.03552358413217438,0.03762267815954834,0.03762267815954834,0.03762267815954834,0.03762267815954834,0.03772746932263882,0.03717601052490638,0.03662519366177519,0.036075017694704004,0.03552548157348134,0.03497658423648087,0.03442832461090828,0.03388070161304779,0.03333371414850261,0.0327873611124343,0.032241641389794795,0.03169655385556003,0.031152097374955057
16.583333333333332,0.0319148351618741,0.03149859511107245,0.02891822699969926,0.03304397680187976,0.03467754303742754,0.03278613448390577,0.032356770861733164,0.03554102159335604,0.03763814326685555,0.03763814326685555,0.03763814326685555,0.03763814326685555,0.03774280285214182,0.037191998955471206,0.03664183536647525,0.036092311124130916,0.03554342525440557,0.03499517677053077,0.034447564673269815,0.033900587951182004,0.03335424558088218,0.03280853652729965,0.03226345974392619,0.031719014173070326,0.031175198746097532
16.666666666666668,0.031934227968482,0.031518560026562836,0.02894147535342495,0.03306216963805486,0.03469426199032877,0.03280567548029234,0.03237715815937858,0.035558115892214026,0.03765324177843721,0.03765324177843721,0.03765324177843721,0.03765324177843721,0.037757769164778354,0.03720762404881173,0.0366581177557026,0.0361092494004247,0.035561018083604345,0.03501342289181486,0.03446646289786193,0.0339201371610689,0.033374444727554575,0.03282938463050966,0.03228495589046476,0.03174115751556239,0.03119798850181499
16.75,0.03195334624584878,0.03153825327847626,0.028964475501883635,0.03308007508384381,0.034710672007654875,0.032824915396776344,0.032397243163962974,0.03557487300663276,0.037667980186238736,0.037667980186238736,0.037667980186238736,0.037667980186238736,0.0377723747685772,0.03722289221779995,0.03667404714307354,0.036125838733849,0.03557826616389548,0.03503132859161395,0.03448502516034302,0.03393935499866241,0.03339431722069075,0.0328499109263809,0.0323061352018057,0.03176298911944864,0.031220471738480526
16.833333333333332,0.031972194523682385,0.03155767930931419,0.028987231226800914,0.033097697984340035,0.034726778422739635,0.03284385928218292,0.032417030906631616,0.03559129879294032,0.037682364850464056,0.037682364850464056,0.037682364850464056,0.037682364850464056,0.037786626039514104,0.037237809745110484,0.03668962971396228,0.036142085208482166,0.035595175474069984,0.035048899739444916,0.03450325721697256,0.033958247102987116,0.033413868578108685,0.03287012080755747,0.03232700294145818,0.031784514115149376,0.031242653449478075
16.916666666666668,0.031990777240282764,0.03157684247207171,0.02900974623495234,0.03311504308656721,0.03474258646078421,0.03286251208327262,0.032436526316939274,0.03560739898889653,0.03769640200280722,0.03769640200280722,0.03769640200280722,0.03769640200280722,0.03780052922475097,0.037252382786414406,0.03670487152864843,0.03615799478531678,0.035611751871940545,0.035066142086054075,0.03452116470754918,0.033976818999017944,0.03343310420608914,0.03289001955776194,0.03234756426672947,0.031805737529705835,0.03126453852774014
17,0.03200909874478519,0.031595747032435284,0.029032024159998837,0.03313211504188329,0.034758101241504136,0.032880878647244094,0.03245573422534309,0.03562317921659153,0.03771009774958567,0.03771009774958567,0.03771009774958567,0.03771009774958567,0.03781409044577422,0.03726661737347747,0.036719778525372115,0.036173573305265716,0.0356280010972998,0.03508306126632399,0.03453875315826149,0.03399507610047192,0.033452029402107675,0.03290961235446477,0.032367824231328335,0.03182666428931613,0.031286131768212266
17.083333333333332,0.03202716329933808,0.03161439717091463,0.029054068564269064,0.03314891840831713,0.03477332778170217,0.03289896372416501,0.032474659365620884,0.03563864498526215,0.03772345807478272,0.03772345807478272,0.03772345807478272,0.03772345807478272,0.03782731570144726,0.0372805194171697,0.036734356523298484,0.03618882649208466,0.03564392877479183,0.0350996628020932,0.03455602798445523,0.034013023712521795,0.033470649357489,0.03292890427147688,0.03238778778789286,0.03184729922179552,0.03130743787024537
17.166666666666668,0.03204497508121906,0.031632796984914835,0.02907588294049046,0.03316545765283796,0.0347882709977656,0.03291677196933174,0.032493306377221476,0.03565380169402643,0.0377364888430054,0.0377364888430054,0.0377364888430054,0.0377364888430054,0.03784021087097145,0.0372940947103888,0.03674861122540074,0.036203759955206305,0.03565954041670194,0.03511595210489782,0.03457299449332263,0.03403066703442814,0.03348896915998334,0.032947900281466325,0.03240745979044668,0.03186764705896783,0.0313284614399183
17.25,0.03206253818488847,0.03165095049074651,0.029097470713468798,0.03318173715355632,0.03480293570809123,0.032934307945561514,0.03251167980754466,0.03566865463453772,0.03774919580235281,0.03774919580235281,0.03774919580235281,0.03774919580235281,0.037852781716764206,0.03730734893089771,0.036762548221255464,0.03621837919249615,0.03567484142566513,0.035131934478630944,0.03458965788651147,0.03404801116209777,0.03350699379626865,0.03296660525840345,0.03242684499678128,0.031887712438985805,0.03134920699229249
17.333333333333332,0.03207985662398438,0.03166886162558047,0.029118835241721763,0.033197761201864795,0.03481732663544124,0.03295157612541755,0.032529784114157856,0.035683208993565696,0.03776158458720502,0.03776158458720502,0.03776158458720502,0.03776158458720502,0.03786503388725171,0.037320287644081684,0.036776172989760436,0.036232689592925915,0.03568983709729601,0.035147615122127274,0.0346060232626606,0.03406506109056684,0.03352472815438068,0.032985023979933636,0.032445948070772834,0.031907499908585324,0.03136967895360421
17.416666666666668,0.03209693433325911,0.03168653424934331,0.029139979819063244,0.03321353400451432,0.034831448409230026,0.03296858089337151,0.032547623666946635,0.0356974698554986,0.03777366072093069,0.03777366072093069,0.03777366072093069,0.03777366072093069,0.03787697291958381,0.037332916305625075,0.036789490901773636,0.036246696439173,0.035704532622745644,0.03516299913167309,0.03462209561986285,0.03408182171641427,0.03354217702607354,0.0330031611296846,0.032464773584630846,0.03192701392527586,0.03138988166339107
17.5,0.03211377517046454,0.031703972146563286,0.0291609076761441,0.033229059685635276,0.03484530556775001,0.032985326547904315,0.032565202750208355,0.03571144220478106,0.037785429618520716,0.037785429618520716,0.037785429618520716,0.037785429618520716,0.03788860424227303,0.03734524026411612,0.03680250722267964,0.03626040491014648,0.03571893309118468,0.03517809150344631,0.03463787985805866,0.034098297840107206,0.033559345109113625,0.03302102129950657,0.03248332602108284,0.031946258859467225,0.0314098193765604
17.583333333333332,0.032130382918177824,0.031721179028158186,0.029181621981948513,0.033244342288698325,0.0348589025603292,0.03300181730354668,0.03258252556468144,0.03572513092827667,0.03779689658914265,0.03779689658914265,0.03779689658914265,0.03779689658914265,0.03789993317775542,0.03735726476357315,0.036815227114878724,0.03627382008343871,0.03573304349221473,0.035192897135886136,0.0346533807813596,0.03411449416827628,0.03357623700950807,0.033038608991649676,0.03250160977549843,0.031965238996537026,0.031429496265397594
17.666666666666668,0.03214676128558169,0.03173815853317841,0.02920212584524773,0.0332593857784198,0.034872243749431986,0.03301805729286311,0.032599596229520245,0.03573854081756789,0.03780806683862892,0.03780806683862892,0.03780806683862892,0.03780806683862892,0.03791096494488366,0.03736899494590329,0.036827655640212065,0.036286946937711395,0.03574686871821564,0.03520742083199546,0.034668603100309836,0.03413041531593253,0.033592857243671226,0.03305592862087847,0.03251962915795281,0.03198395853883995,0.03144891642151748
17.75,0.03216291391019066,0.031754914230497366,0.02922242231601424,0.033274194042616,0.03488533341269906,0.03303405056837905,0.03261641878421484,0.035751676571190494,0.037818945471890686,0.037818945471890686,0.037818945471890686,0.037818945471890686,0.03792170466134648,0.037380435853291205,0.03683979776231383,0.03629979035501263,0.03576041356662274,0.03522166730158127,0.03468355143408064,0.03414606580861679,0.033609210240528764,0.03307298451653007,0.032537388395231126,0.03200242160765887,0.03146808385776301
17.833333333333332,0.03217884435952989,0.03177144962045553,0.029242514386794705,0.03328877089400395,0.034898175744930704,0.033049801104455545,0.03263299719045554,0.035764542796804744,0.037829537495267296,0.037829537495267296,0.037829537495267296,0.037829537495267296,0.037932157346024065,0.03739159243052037,0.03685165834890025,0.03631235512302999,0.03577368274214354,0.03523564116342959,0.03469823031260666,0.03416145008449245,0.033625300343564035,0.033089780924511425,0.03255489163277847,0.03202063224510421,0.03148700251004799
17.916666666666668,0.032194556132769,0.03178776813645956,0.02926240499404642,0.033303120071951575,0.03491077486001637,0.03306531279911118,0.03264933533394676,0.03577714401330834,0.03783984781880956,0.03783984781880956,0.03783984781880956,0.03783984781880956,0.03794232792127561,0.03740246952723214,0.03686324217399539,0.036324645937281685,0.03578668085891201,0.035249346947422655,0.03471264417866138,0.03417657249637851,0.03364113181280848,0.03310632200924335,0.032572142936595494,0.032038594415958244,0.03150567623915124
18,0.032210052662308364,0.03180387314653599,0.02928209701943474,0.03331724524418145,0.03492313479280784,0.033080589475791955,0.0326654370261692,0.03578948465288856,0.03784988125850042,0.03784988125850042,0.03784988125850042,0.03784988125850042,0.03795222121516573,0.03741307190012,0.03687455392009431,0.036336667403245926,0.035799412442582446,0.03526278909659486,0.03472679738987483,0.034191437313727535,0.033656708826775183,0.03312261185555054,0.03258914629508092,0.03205631200946901,0.03152410883245804
18.083333333333332,0.03222533731532318,0.03181976795484287,0.029301593291096717,0.033331150008425015,0.03493525950094445,0.033095634885095704,0.03268130600609598,0.03580156906302023,0.037859642538413896,0.037859642538413896,0.037859642538413896,0.037859642538413896,0.037961841963627396,0.03742340421506585,0.036885598180267154,0.03634842403843286,0.03581188193236784,0.03527597196913512,0.03474069422069692,0.03420604872454791,0.033672035484339835,0.033138654470497464,0.03260590562082255,0.032073788841094686,0.031542304005657495
18.166666666666668,0.03224041339526407,0.03183545580313907,0.02932089658486836,0.03334483789403375,0.0349471528666252,0.0331104527064463,0.0326969459418589,0.03581340150840706,0.03786913629281585,0.03786913629281585,0.03786913629281585,0.03786913629281585,0.03797119481256872,0.03743347104921568,0.036896379460206186,0.036359920274399604,0.03582409368301964,0.03528889984033179,0.034754338864306344,0.034220410837273674,0.03368711580657058,0.03315445378517734,0.03262242475234123,0.03209102865420088,0.03156026540438939
18.25,0.03225528414331702,0.03185093987221421,0.029340009625479002,0.033358312363544806,0.03495881869833517,0.03312504654972348,0.03271236043237091,0.03582498617287144,0.03787836706820791,0.03787836706820791,0.03787836706820791,0.03787836706820791,0.037980284319919955,0.037443276893000865,0.03690690218021686,0.03637116045871003,0.035836051966756655,0.035301576904466225,0.03476773543446732,0.03423452768258506,0.03370195373850837,0.033170013656449004,0.03263870745578612,0.03210803512171001,0.03157799660584781
18.333333333333332,0.03226995273982447,0.03186622328327959,0.0293589350877137,0.033371576814204884,0.03497026073252174,0.03313941995684799,0.03272755300890395,0.035836327161192116,0.03788733932531385,0.03788733932531385,0.03788733932531385,0.03788733932531385,0.037989114957625914,0.037452826152102325,0.03691717067715339,0.03638214885684099,0.03584776097513864,0.03531400727665379,0.034780887967335916,0.03424840321517619,0.03371655315089628,0.03318533786862843,0.03265475742658208,0.03212481184770777,0.03159550112034282
18.416666666666668,0.03228442230566708,0.03188130909932019,0.029377675597543673,0.03338463457945218,0.03498148263522971,0.03315357640332395,0.032742527136623956,0.035847428500893175,0.03789605744101521,0.03789605744101521,0.03789605744101521,0.03789605744101521,0.037997691113585086,0.03746212314936481,0.03692718920630589,0.03639288965403886,0.035859224820891766,0.03532619499463663,0.03479380042321867,0.03426204131547905,0.03373091784186566,0.033200430135134296,0.03267057829103659,0.03214136236900411,0.03161278239281562
18.5,0.03229869590360712,0.031896200326412494,0.029396233733224975,0.03339748893035943,0.03499248800368915,0.0331675192997396,0.0327572862160852,0.035858294143984004,0.03790452571023306,0.03790452571023306,0.03790452571023306,0.03790452571023306,0.038006017093535904,0.03747117212665607,0.03693696194323248,0.036403386957124084,0.035870447539683825,0.035338144020526485,0.03480647668828163,0.03427544579133768,0.03374505153857488,0.03321529410008894,0.03268617360789894,0.032157690156653373,0.031629843804317215
18.583333333333332,0.032312776539598964,0.031910899915005286,0.0294146120263703,0.033410143077036825,0.035003280367861045,0.03318125199322841,0.032771833584683385,0.03586892796865282,0.03791274834776104,0.03791274834776104,0.03791274834776104,0.03791274834776104,0.038014097122893276,0.03747997724668006,0.036946492985544754,0.036413644796248645,0.035881433091851545,0.035349858242502696,0.03481892057621616,0.03428862037963887,0.03375895789880379,0.03322993333987578,0.032701546869880804,0.03217379861743397,0.03164668867344522
18.666666666666668,0.03232666716406096,0.03192541076116595,0.029432812962990162,0.03342260016999887,0.03501386319194433,0.033194777768889905,0.0327861725180707,0.03587933378091579,0.03792072949004743,0.03792072949004743,0.03792072949004743,0.03792072949004743,0.03802193534853604,0.037488542594739105,0.03695578635464636,0.03642366712660716,0.03589218536408301,0.03536134147646264,0.034831135829859194,0.03430156874790091,0.03377264051250739,0.03324435136465631,0.032716701505134616,0.0321896910952868,0.0316633202577421
18.75,0.032340370673116015,0.031939735707794625,0.02945083898450629,0.03343486330149381,0.03502423987583847,0.03320809985117279,0.032800306231533405,0.03588951531622109,0.0379284731969316,0.0379284731969316,0.0379284731969316,0.0379284731969316,0.03802953584054647,0.037496872180449836,0.03696484599742256,0.03643345783010021,0.035902708171054565,0.03537259746763066,0.03484312612276863,0.03431429449581591,0.033786102903325954,0.03325855161984648,0.03273164087869307,0.032205370872717465,0.0316797417550565
18.833333333333332,0.03235388990979837,0.031953877545806364,0.029468692488739512,0.033446935506799225,0.03503441375657301,0.0332212214052241,0.03281423788133275,0.03589947624101297,0.03793598345333593,0.03793598345333593,0.03793598345333593,0.03793598345333593,0.03803690259390602,0.03750496993941632,0.036973675787889126,0.03644302071695793,0.03591300525702512,0.035383629892123736,0.03485489506076167,0.03432680115675679,0.033799348530057394,0.033272537487553766,0.0327463682938709,0.03222084117216073,0.03169595630486999
18.916666666666668,0.03236722766522804,0.03196783901528022,0.02948637583087077,0.033458819765480596,0.035044388109693125,0.033234145538199256,0.03282797056600928,0.03590922015425102,0.03794326417090921,0.03794326417090921,0.03794326417090921,0.03794326417090921,0.03804403953014335,0.03751283973485542,0.036982279528794404,0.03645235952731607,0.035923080297387555,0.035394442358474665,0.03486644618340784,0.034339092199239696,0.03381238078808968,0.033286312287975406,0.032760886993628446,0.03223610515730746,0.03171196698958645
19,0.0323803866797554,0.031981622806581234,0.029503891324376363,0.033470519002621435,0.03505416615061474,0.03324687530053905,0.03284150732765623,0.03591875058889382,0.03795031918963199,0.03795031918963199,0.03795031918963199,0.03795031918963199,0.03805095049894147,0.03752048535918262,0.036990660953182264,0.03646147793275478,0.03593293690018151,0.03540503840911802,0.034877782965485604,0.034351171028351724,0.033825203010795724,0.03329987928076239,0.0327752001619015,0.03225116593439892,0.03172777683578909
19.083333333333332,0.0323933696440748,0.03199523156144912,0.029521241241939444,0.03348203609001654,0.03506375103594017,0.033259413687214634,0.032854851153154785,0.0359280710133405,0.03795715227937624,0.03795715227937624,0.03795715227937624,0.03795715227937624,0.03805763927970296,0.037527910535555264,0.03699882372591112,0.036470379537795417,0.03594257860756356,0.035415421521833634,0.034888908818400566,0.03436304098713894,0.03383781847089162,0.03331324166634597,0.03278931092489423,0.03226602655348665,0.031743388815464124
19.166666666666668,0.032406179200311636,0.032008667874063645,0.02953842781633842,0.033493373847337526,0.035073145864742195,0.033271763638938134,0.03286800497538267,0.035937184832837143,0.03796376714142724,0.03796376714142724,0.03796376714142724,0.03796376714142724,0.03806410958307471,0.037535118919376886,0.03700677144513831,0.036479067881358684,0.03595200889724315,0.035425595111157726,0.034899827091567026,0.034374705357959945,0.03385023038176116,0.033326402587229964,0.032803222352340455,0.032280690009658164,0.03175880584719337
19.25,0.03241881794307644,0.032021934292076226,0.029555453241310037,0.03350453504326656,0.035082353679812384,0.03328392804334346,0.03288097167438653,0.035946095390845256,0.03797016740996484,0.03797016740996484,0.03797016740996484,0.03797016740996484,0.038070365052431665,0.03754211409976027,0.037014507643760686,0.03648754643818575,0.03596123118387817,0.035435562529751996,0.0349105410737518,0.034386167363802844,0.03386244189874388,0.033339365129249066,0.03281693745872993,0.032295159244233096,0.03177403079731422
19.333333333333332,0.032431288420497584,0.03203503331762092,0.029572319672393377,0.03351552239660127,0.03509137746888036,0.033295909736135165,0.03289375407852746,0.035954805970376924,0.03797635665350674,0.03797635665350674,0.03797635665350674,0.03797635665350674,0.03807640926532474,0.03754889960095631,0.03702203579082286,0.036495818620221554,0.03597024882043587,0.03544532706974124,0.03492105399438716,0.03439743016957064,0.03387445612039164,0.033352132322797434,0.032830459204506335,0.03230943714592627,0.0317890664810514
19.416666666666668,0.032443593135222715,0.032047967408295186,0.029589029227748975,0.03352633857733123,0.035100220165799056,0.0333077115022089,0.03290635496559546,0.0359633197952931,0.037982338376315594,0.037982338376315594,0.037982338376315594,0.037982338376315594,0.038082245734890385,0.037555478883744,0.03702935929288631,0.03650388777796443,0.03597906509951976,0.03545489196401608,0.034931369024846726,0.03440849688333092,0.033886276089691636,0.03336470714402173,0.03284379049723052,0.03232352655198345,0.03180391566361962
19.5,0.0324557345453973,0.03206073897811823,0.02960558398895885,0.0335369862076873,0.035108884651701366,0.0333193360767432,0.03291877706389568,0.03597164003157172,0.037988116019769924,0.037988116019769924,0.037988116019769924,0.037988116019769924,0.03808787791122481,0.037561855346785356,0.037036481495365425,0.03651175720178079,0.03598768325466106,0.03546426038750061,0.03494148927969043,0.034419370557535967,0.033897904795259226,0.03337709251598664,0.03285693419271718,0.03233743024928515,0.03181858106129587
19.583333333333332,0.0324677150656163,0.032073350398462264,0.029621986001806322,0.033547467863163094,0.03511737375612611,0.03333078614626328,0.03293102305330731,0.035979769788540894,0.03799369296369992,0.03799369296369992,0.03799369296369992,0.03799369296369992,0.03809330918272247,0.03756803232794703,0.03704340568382802,0.03651943012318437,0.03599610646157814,0.03547343545839077,0.034951417817877584,0.03443005419021006,0.033909345172500105,0.0333892913098095,0.03286989309614197,0.0323511509754244,0.03183306534246744
19.666666666666668,0.03247953706785478,0.03208580399896288,0.029638237277034296,0.033557786073512785,0.035125690258117404,0.033342064349677125,0.03294309556631547,0.03598771212008378,0.03799907252768997,0.03799907252768997,0.03799907252768997,0.03799907252768997,0.03809854287738257,0.03757401310558661,0.037050135085265445,0.036526909716086964,0.03600433783940504,0.035482420239358214,0.034961157643949026,0.03444055072610808,0.03392060010474229,0.03340130634576699,0.03288266996311795,0.03236469141975684,0.03184737112865066
19.75,0.03249120288237073,0.03209810206840458,0.029654339791086448,0.03356794332372082,0.03513383688729399,0.03335317327928644,0.032954997189017066,0.03599547002581005,0.0380042579723483,0.0380042579723483,0.0380042579723483,0.0380042579723483,0.038103582264080504,0.03757980089980961,0.03705667286932757,0.03653419909801414,0.036012380451886816,0.03549121773872699,0.03497071170917976,0.03445086305784395,0.033931672424341475,0.03341314039437249,0.032895267500749226,0.032378054224423414,0.03186150099548635
19.833333333333332,0.032502714798588794,0.03211024685558472,0.029670295486828646,0.03357794205494935,0.03514181632489333,0.03336411548177254,0.03296673046210108,0.036003046452200094,0.03800925250054532,0.03800925250054532,0.03800925250054532,0.03800925250054532,0.03810843055380975,0.03758539887369117,0.03706302214953028,0.03654130133129252,0.03602023730854764,0.03549983091161768,0.03498008291270249,0.0344609940269911,0.03394256491375569,0.03342479617742766,0.03290768836865454,0.032391241985348485,0.03187545747370768
19.916666666666668,0.032514075065960046,0.03212224057015578,0.029686106274251944,0.03358778466546175,0.0351496312047892,0.03337489345915512,0.032978297881804064,0.03601044429372058,0.03801405925861956,0.03801405925861956,0.03801405925861956,0.03801405925861956,0.038113090900890434,0.03759081013447085,0.03706918598442899,0.03654821942420683,0.03602791136582684,0.03550826266106588,0.034989274102602996,0.034470946425156024,0.033953280306595834,0.033436276369047446,0.03291993517996672,0.03240425725321194,0.03188924305008567
20,0.03252528589480064,0.0321340853834462,0.02970177403115848,0.03359747351152165,0.035157284114483156,0.03338550966973042,0.032989701900843604,0.036017666393910464,0.03801868133755604,0.03801868133755604,0.03801868133755604,0.03801868133755604,0.03811756640415043,0.037596037734715315,0.03707516737876748,0.03655495633212813,0.03603540552818929,0.03551651583910975,0.03499828807698857,0.03448072299502325,0.03396382128864883,0.03344758359665878,0.032932010502306985,0.03241710253439778,0.031902860168350644
20.083333333333332,0.03253634945710959,0.032145783429261554,0.029717300603831598,0.03360701090827156,0.035164777596073504,0.03339596652898402,0.03300094492932604,0.03602471554644282,0.038023121774133806,0.038023121774133806,0.038023121774133806,0.038023121774133806,0.0381218601080755,0.0376010846734538,0.03708096928459392,0.036561514958614705,0.036042722649206826,0.035524593247854064,0.03500712758502944,0.034490326431377394,0.033974190498874624,0.033458720441976064,0.0329439168587351,0.03242978029191845,0.0319163112300902
20.166666666666668,0.03254726788736706,0.032157336804664594,0.02973268780768623,0.03361639913058845,0.035172114147197675,0.03340626641048128,0.033012029335633075,0.03603159449615756,0.038027383552045046,0.038027383552045046,0.038027383552045046,0.038027383552045046,0.03812597500393067,0.03760595389728416,0.03708659460235242,0.03656789815648431,0.03604986553261336,0.035532497640505145,0.035015795327975274,0.03449975938209615,0.03398439053038094,0.03346968944195017,0.032955656728676175,0.03244229294631773,0.03192959859562605
20.25,0.032558043283311244,0.03216874757073773,0.0297479374279066,0.033625640413918356,0.03517929622195304,0.03341641164673592,0.03302295744728734,0.036038305940071735,0.0380314696029882,0.0380314696029882,0.0380314696029882,0.0380314696029882,0.03812991403085664,0.03761064830145333,0.037092046181946836,0.0365741087288618,0.03605683693333406,0.03554023172238119,0.03502429396014528,0.03450902444912285,0.033994423931370754,0.033480493089696584,0.032967232548823944,0.03245464287654887,0.0319427245848678
20.333333333333332,0.0325686777066978,0.03218001775332535,0.029763051220066172,0.03363473695509134,0.03518632623179441,0.033426404530058296,0.033033731551794565,0.03604485252836209,0.03803538280773311,0.03803538280773311,0.03803538280773311,0.03803538280773311,0.03813368007693674,0.037615170730910474,0.037097326823777976,0.036580149430200715,0.036063639558489236,0.03554779815189879,0.035032626089896324,0.034518124189411914,0.03400429320606979,0.033491133835399145,0.03297864671402273,0.032466832420834146,0.0319556914781467
20.416666666666668,0.032579173184041466,0.032191149343760106,0.02977803091073361,0.033643690913116586,0.035193206546412226,0.033436247313381795,0.03304435389746718,0.03605123686532741,0.03803912599716197,0.03803912599716197,0.03803912599716197,0.03803912599716197,0.03813727598024075,0.03761952398133528,0.037102439279757427,0.03658602296727942,0.03607027606837465,0.03555519954153552,0.03504079428056528,0.03452706111585391,0.03401400081562911,0.03350161408719243,0.032989901578127645,0.032478863877500874,0.03196850151702946
20.5,0.03258953170733503,0.032202144299567026,0.02979287819806209,0.03365250440995515,0.03519993949458389,0.03344594221106867,0.03305482669422655,0.036057461510322186,0.03804270195328163,0.03804270195328163,0.03804270195328163,0.03804270195328163,0.038140704529838754,0.037623710800139376,0.03710738625429344,0.03659173200017318,0.03607674907741587,0.03556243845876561,0.03504880105138919,0.03453583769817481,0.03402354917900641,0.033511936212021975,0.03300099945484347,0.03249073950579873,0.031981156905111385
20.583333333333332,0.032599755234757444,0.0322130045451563,0.02980759475236794,0.03366117953127934,0.0352065273650104,0.03345549139969828,0.03306515211438721,0.03606352897867415,0.03804611341021613,0.03804611341021613,0.03804611341021613,0.03804611341021613,0.03814396846679724,0.03762773388744667,0.03711217040525683,0.03659727914320343,0.036083061155102625,0.035569517426979,0.035056648878404095,0.034544456363817755,0.03403294067382712,0.03352210253648491,0.033011942618543566,0.03250246152669667,0.03199365980879021
20.666666666666668,0.03260984569136016,0.03222373197249495,0.029822182216690418,0.03366971832720944,0.03521297240712906,0.033464897018834705,0.0330753322934203,0.03606944174257465,0.03804936305517148,0.03804936305517148,0.03804936305517148,0.03804936305517148,0.03814707048514521,0.0376315958970479,0.03711679434492221,0.03660266696586367,0.03608921482689831,0.0355764389263733,0.035064340195320565,0.034552919498799906,0.03404217763722217,0.033532115347649105,0.033022733305068996,0.032514032123659664,0.032006012358021696
20.75,0.03261980496973815,0.03223432844176499,0.029836642207342612,0.03367812281303362,0.03521927683190906,0.03347416117177615,0.033085369330700054,0.036075202231949266,0.03805245352937958,0.03805245352937958,0.03805245352937958,0.03805245352937958,0.03815001323282008,0.03763529943733279,0.03712126064088461,0.036607897993723215,0.036095212575128155,0.0355832053948264,0.03507187739437945,0.034561229448550446,0.034051262366648904,0.03354197689385319,0.03303337371250814,0.032525453443409624,0.032018216647057285
20.833333333333332,0.03262963493068449,0.032244795782003344,0.02985097631444633,0.03368639496991199,0.035225442812625074,0.03348328592628702,0.033095265290231435,0.03608081283530917,0.03805538742901837,0.03805538742901837,0.03805538742901837,0.03805538742901837,0.03815279931259119,0.03763884707219978,0.03712557181695786,0.0366129747093098,0.03610105683984699,0.03558981922874782,0.03507926282718743,0.034569388518728594,0.034060197120689306,0.033551689385486805,0.03304386600195808,0.032536727596663706,0.03203027473516373
20.916666666666668,0.032639337403831625,0.03225513579172912,0.02986518610245481,0.03369453674556211,0.035231472485615756,0.03349227331531157,0.03310502220136202,0.03608627590058,0.03805816730611178,0.03805816730611178,0.03805816730611178,0.03805816730611178,0.038155431282960395,0.03764224132194571,0.03712973035404876,0.03661789955297001,0.036106750019685885,0.03559628278391025,0.03508649880553061,0.03457739897602097,0.03406898411983095,0.03356125499575402,0.03305421229826755,0.03254785665885973,0.032042188647324554
21,0.03264891418827354,0.03226535023955379,0.029879273110663407,0.03370255005493039,0.03523736795102206,0.0335011253376718,0.033114642059474786,0.036091593735911864,0.03806079566940679,0.03806079566940679,0.03806079566940679,0.03806079566940679,0.038157911659042476,0.037645484664132756,0.03713373869101222,0.03662267492371174,0.03611229447267794,0.0356025983762609,0.03509358760217207,0.034585263048921844,0.034077625547229706,0.03357067586141582,0.033064414690762156,0.03255884267086051,0.03205396037492769
21.083333333333332,0.03265836705317682,0.03227544086477896,0.029893238853708537,0.033710436780844955,0.035243131273509753,0.03350984395874823,0.033124126826666433,0.03609676861047162,0.038063274985230766,0.038063274985230766,0.038063274985230766,0.038063274985230766,0.03816024291342335,0.037648579534435234,0.037137599225486095,0.03662730318002416,0.03611769251706698,0.035608768282713976,0.035100531451627504,0.034592982928493,0.03408612354945273,0.03357995408351799,0.03307447523395335,0.03256968763964396,0.032065591876432764
21.166666666666668,0.03266769773837441,0.03228540937797719,0.029907084822053287,0.03371819877465465,0.03524876448297176,0.033518431111143165,0.03313347843240777,0.036101802755213575,0.03806560767832723,0.03806560767832723,0.03806560767832723,0.03806560767832723,0.03816242747699894,0.037651528327466544,0.03714131431470458,0.03663178664067912,0.03612294643209357,0.03561479474192408,0.03510733255092413,0.034600560769107336,0.03409448023720496,0.03358909172809943,0.033084395948228096,0.03258039353897524,0.03207708507802676
21.25,0.03267690795494782,0.03229525746156248,0.029920812482463477,0.033725837856853236,0.03525426957521893,0.03352688869533216,0.03314269877419074,0.03610669836363534,0.038067796132675635,0.038067796132675635,0.038067796132675635,0.038067796132675635,0.03816446773979543,0.037654333397588724,0.03714488627629553,0.03663612758551604,0.036128058458766876,0.03562067995504248,0.035113993060341464,0.03460799868917408,0.03410269768603991,0.03359809082688492,0.03309417882052634,0.032590962310064864,0.032088441874260853
21.333333333333332,0.03268599938579353,0.03230498677034466,0.029934423278471067,0.03373335581768844,0.03525964851264951,0.033535218580295734,0.0331517897181588,0.036111457592513885,0.038069842692287414,0.038069842692287414,0.038069842692287414,0.038069842692287414,0.03816636605176904,0.03765699705969938,0.037148317389056995,0.036640328256204224,0.03613303080061425,0.035626426086454055,0.03512051510413605,0.0346152987718471,0.03411077793705064,0.03360695337796216,0.03310382580499871,0.03260139586221,0.032099664128675265
21.416666666666668,0.03269497368617791,0.03231459893207256,0.02994791863082802,0.03374075441775659,0.03526490322490794,0.03354342260413978,0.03316075309972333,0.03611608256262544,0.038071749661987564,0.038071749661987564,0.038071749661987564,0.038071749661987564,0.03816812472358744,0.03765952159000374,0.037151609893716575,0.03664439085699289,0.036137865624417564,0.03563203526449921,0.03512690077124625,0.03462246306571792,0.03411872299754748,0.033615681346442106,0.03311333882365175,0.03261169607342107,0.032110753674406745
21.5,0.03270383248427877,0.03232409554796378,0.02996129993794816,0.03374803538858395,0.035270035609523465,0.03355150257469974,0.0331695907241647,0.03612057535944868,0.03807351930817515,0.03807351930817515,0.03807351930817515,0.03807351930817515,0.0381697460273942,0.03766190922676804,0.03715476599367329,0.0366483175554384,0.03614256506092861,0.03563750958217771,0.035133152115985,0.03462949358549028,0.034126534841719236,0.033624276665104924,0.03312271976697656,0.03262186479103413,0.032121712314784334
21.583333333333332,0.03271257738171318,0.032333478193222076,0.02997456857634062,0.03375520043319513,0.03527504753253852,0.0335594602701319,0.033178304367221356,0.036124938033851306,0.03807515385956961,0.03807515385956961,0.03807515385956961,0.03807515385956961,0.03817123219755403,0.03766416217105428,0.037157787855722324,0.03665211048311834,0.03614713120557145,0.03564285109783594,0.03513927115871174,0.034636392312641595,0.03413421541127848,0.03363274123502924,0.0331319704945634,0.03263190383230907,0.03213254182390979
21.666666666666668,0.03272120995405503,0.03234274841754359,0.029987725901031492,0.033762251226665985,0.03527994082911934,0.03356729743949005,0.03318689577566292,0.03612917260276105,0.03807665550793571,0.03807665550793571,0.03807665550793571,0.03807665550793571,0.038172585431383244,0.03766628258743898,0.037160677610762916,0.0366557717363285,0.036151566119125844,0.035648061835839906,0.03514525988649342,0.03464316119606803,0.034141766616092806,0.03364107692620921,0.03314109283570188,0.032641814985014506,0.03214324394722512
21.75,0.03272973175133931,0.032351907745610475,0.030000773245977275,0.0337691894166674,0.03528471730415461,0.03357501580328903,0.033195366667852166,0.036133281049821164,0.03807802640879632,0.03807802640879632,0.03807802640879632,0.03807802640879632,0.038173807889860134,0.03766827260471706,0.03716343735448957,0.03665930337676282,0.03615587182839741,0.03565314378723139,0.03515112025374734,0.034649802152714626,0.03414919033480035,0.03364928557815583,0.03315008858996871,0.03265160000799683,0.03215382040206749
21.833333333333332,0.03273814429855548,0.032360957677573854,0.030013711924467446,0.03377601662399399,0.03528937873283944,0.033582617054057406,0.03320371873429373,0.036137265326032564,0.03807926868212652,0.03807926868212652,0.03807926868212652,0.03807926868212652,0.03817490169832394,0.03767013431658639,0.037166069148069525,0.036662707432179475,0.03616005032687042,0.035658098910370306,0.035156854182870845,0.03465631706819172,0.034156488415413744,0.03365736900048599,0.03315895952779924,0.032661260631740685,0.032164272878210776
21.916666666666668,0.03274644909612956,0.03236989968952608,0.030026543229519254,0.033782734443081,0.03529392686124644,0.03359010285687414,0.03321195363816831,0.03614112735037778,0.038080384413031965,0.038080384413031965,0.038080384413031965,0.038080384413031965,0.03817586894715275,0.03767186978232062,0.03716857501880266,0.036665985897049946,0.03616410357534683,0.035662929131561105,0.03516246356485575,0.03466270779737668,0.03416366267590698,0.03366532897349517,0.03316770739104902,0.03267079855891142,0.03217460303839559
22,0.03275464762039437,0.032378735233961065,0.030039268434262745,0.03378934444251125,0.035298363406883526,0.03359747484989528,0.03322007301585872,0.03614486901043512,0.03808137565241254,0.03808137565241254,0.03808137565241254,0.03808137565241254,0.038176711692430754,0.037673481027423295,0.03717095696076789,0.036669140733195826,0.03616803350257203,0.035667636345666276,0.035167950259889835,0.03466897616500275,0.03417071490479251,0.03367316724872116,0.03317633389354113,0.03268021546488975,0.03218481251884575
22.083333333333332,0.03276274132405077,0.032387465740224775,0.030051888792316905,0.03379584816550807,0.035302690059239694,0.03360473464486913,0.03322807847745923,0.036148492162975554,0.0380822444176121,0.0380822444176121,0.0380822444176121,0.0380822444176121,0.03817743195659662,0.037674970044270006,0.03717321693545328,0.03667217387040855,0.036171842005843,0.035672222416705424,0.035173316097943275,0.03467512396623351,0.0341776468616819,0.03368088554949189,0.03318484072160022,0.03268951299829159,0.03219490292977478
22.166666666666668,0.0327707316366177,0.032396092614956906,0.030064405538158256,0.03380224713041957,0.0353069084803177,0.033611883827638245,0.03323597160727765,0.03615199863454843,0.03808299269305149,0.03808299269305149,0.03808299269305149,0.03808299269305149,0.038178031729081185,0.0376763387927348,0.037175356872375165,0.036675087207057366,0.036175530951607415,0.03567668917844102,0.035178562879343955,0.03468115296722529,0.034184460277836504,0.03368848557146231,0.03319322953457671,0.03269869278147741,0.03220487585588039
22.25,0.03277861996487075,0.03240461724251986,0.030076819887479678,0.03380854283119028,0.03531102030515609,0.033618923958630864,0.03324375396432422,0.036155390222052386,0.03808362243084895,0.03808362243084895,0.03808362243084895,0.03808362243084895,0.038178512966927425,0.037677589200802775,0.037177378669680294,0.0366778826106835,0.036179102176045363,0.03568103843495085,0.035183692375338804,0.03468706490567719,0.03419115685670415,0.03369596898313887,0.03320150196535776,0.03270775641104939,0.03221473285682719
22.333333333333332,0.03278640769327357,0.03241304098542108,0.030089133037543236,0.03381473673782276,0.03531502714233814,0.03362585657334227,0.03325142708278861,0.03615866869329554,0.03808413555142676,0.03808413555142676,0.03808413555142676,0.03808413555142676,0.03817887759539862,0.03767872316516918,0.03717928419473604,0.03668056191857927,0.0361825574856407,0.0356852719611882,0.03518870632864157,0.03469286149136819,0.03419773827444539,0.03370333742639264,0.03320965962086686,0.032716705458337714,0.03222447546771923
22.416666666666668,0.032794096184397326,0.032421365184723605,0.030101346167522802,0.033820830296829474,0.03531893057449054,0.0336326831828031,0.03325899247250863,0.03616183578754062,0.03808453394410338,0.03808453394410338,0.03808453394410338,0.03808453394410338,0.038179127508572996,0.0376797425518256,0.03718107528470771,0.03668312693835696,0.03618589865773769,0.03568939150352879,0.035193606453970405,0.034698544406682075,0.03420420618044617,0.03371059251696029,0.03321770408255276,0.03272554146987727,0.03223410519956271
22.5,0.03280168677933282,0.032429591160448856,0.030113460438841333,0.03382682493167466,0.03532273215877013,0.033639405274040746,0.033266451619426984,0.036164893216041216,0.03808481946767461,0.03808481946767461,0.03808481946767461,0.03808481946767461,0.03817926456992482,0.03768064919663239,0.03718275374712232,0.036685579448503036,0.036189127441088154,0.03569339878030675,0.03519839443857231,0.0347041153071217,0.03421056219782059,0.03371773584493498,0.03322563690686753,0.03273426596787066,0.03224362353971655
22.583333333333332,0.03280918079809103,0.03243772021196989,0.030125476995498612,0.03383272204320442,0.0353264334273411,0.03364602431052588,0.033273805986037575,0.0361678426625629,0.038084993950978197,0.038084993950978197,0.038084993950978197,0.038084993950978197,0.038179290612891936,0.03768144490587977,0.037184321360420824,0.03668792119892106,0.036192245556382785,0.035697295482337354,0.035203071942736086,0.034709575821811445,0.034216807923901804,0.033724768975245345,0.03323345962573332,0.03274288045064511,0.03225303195233442
22.666666666666668,0.032816579539997504,0.03244575361839663,0.03013739696439388,0.033838523010069954,0.03533003588784056,0.03365254173261456,0.0332810570118236,0.036170685783895484,0.0380850591934514,0.0380850591934514,0.0380850591934514,0.0380850591934514,0.03817920744143333,0.03768213145683452,0.03718577987449745,0.03669015391146346,0.03619525469677476,0.03570108327342969,0.0352076406002948,0.03471492755398775,0.034222944930722976,0.033731693448124433,0.03324117374700042,0.03275138639309527,0.0322623318787969
22.75,0.03282388428407579,0.03245369263895137,0.03014922145563892,0.03384422918914076,0.03533354102383379,0.033658958957976104,0.03328820611368499,0.036173424210352856,0.03808501696567146,0.03808501696567146,0.03808501696567146,0.03808501696567146,0.038179016830571566,0.03768271059827755,0.0371871310112275,0.03669227928044916,0.036198156528388425,0.03570476379088694,0.035212102019116065,0.03472017208148093,0.03422897476548603,0.03373851077956869,0.033248780754892904,0.032759785247119755,0.032271524738133994
22.833333333333332,0.032831096289424044,0.03246153851333822,0.03016095156286669,0.03384984191590745,0.03533695029526118,0.033665277382013414,0.033295254686355635,0.03617605954626191,0.03808486900988717,0.03808486900988717,0.03808486900988717,0.03808486900988717,0.038178720526925725,0.03768318405102766,0.03718837646498452,0.03669429897317311,0.036200952690819355,0.03570833864599643,0.035216457781582555,0.03472531095718412,0.034234898951022164,0.03374522246178602,0.03325628211044673,0.03276807844204521,0.0322806119274377
22.916666666666668,0.03283821679558363,0.03246929246210173,0.030172588363532205,0.03385536250487786,0.03534026513887434,0.033671498378275544,0.033302204102813704,0.036178593370441936,0.03808461704053867,0.03808461704053867,0.03808461704053867,0.03808461704053867,0.038178320249231845,0.03768355350845498,0.037189517903145175,0.03669621463040307,0.03620364479762239,0.035711809424509466,0.03522070944506206,0.03473034570951383,0.034240718986240815,0.03375182996363546,0.03326367925193763,0.032776267385043356,0.032289594822266565
23,0.032845247022896595,0.03247695568697928,0.03018413291920563,0.03386079224996208,0.0353434869686613,0.03367762329885737,0.03330905571468068,0.03618102723667138,0.03808426274476351,0.03808426274476351,0.03808426274476351,0.03808426274476351,0.03817781768885098,0.037683820636981835,0.037190556966582244,0.03669802786686471,0.0362062344367895,0.03571517768710919,0.03522485854236601,0.034735277842859125,0.034246436346569764,0.03375833473105483,0.033270973595298514,0.0327843534615373,0.032298474777041175
23.083333333333332,0.032852188172860286,0.032484529371246795,0.03019558627586183,0.033866132424851925,0.035346617176265305,0.033683653474795516,0.0333158108526137,0.03618336267414768,0.038083807782896884,0.038083807782896884,0.038083807782896884,0.038083807782896884,0.038177214510269675,0.03768398707657572,0.03719149527015109,0.036699740271718184,0.03620872317121693,0.035718444969869534,0.03522890658220046,0.03474010883802281,0.03425205248438501,0.033764738187483045,0.03327816653452964,0.032792338035600554,0.0323072531254307
23.166666666666668,0.03285904142847018,0.032492014680054915,0.030206949464161026,0.033871384283390205,0.035349657131393375,0.033689590216452237,0.03332247082668882,0.036185601187934235,0.03808325378895572,0.03808325378895572,0.03808325378895572,0.03808325378895572,0.03817651235158648,0.03768405444122913,0.03719233440316083,0.036701353409024584,0.036211112539163315,0.03572161278470509,0.03523285504960505,0.034744840152651335,0.03425756882943265,0.03377104173426848,0.033285259442098925,0.032800222450346306,0.03231593118073173
23.25,0.032865807954557624,0.03249941276075896,0.030218223499724584,0.03387654905993309,0.035352608182215084,0.03369543481389159,0.03332903692677425,0.03618774425939986,0.038082602371115604,0.038082602371115604,0.038082602371115604,0.038082602371115604,0.03817571282498955,0.03768402431942941,0.03719307592983756,0.03670286881819984,0.03621340405469642,0.03572468261980921,0.035236705406383795,0.034749473221656224,0.03426298678923945,0.03377724675107374,0.03329225366933364,0.032808008028308855,0.03232451023623795
23.333333333333332,0.032872488898119334,0.032506724743242454,0.030229409383405015,0.0338816279697034,0.03535547165575492,0.03370118853724913,0.033335510422899395,0.03618979334664729,0.03808185511217732,0.03808185511217732,0.03808185511217732,0.03808185511217732,0.03817481751722318,0.03768389827462082,0.03719372138977928,0.03670428801446146,0.036215599208131666,0.03572765594008431,0.035240459091526954,0.034754009457626855,0.03426830774951761,0.03378335459626691,0.03329915054680388,0.03281569607181645,0.03233299156560321
23.416666666666668,0.03287908538863982,0.032513951740231306,0.030240508101550212,0.033886622209138295,0.035358248858273544,0.03370685263709183,0.03334189256561171,0.03619174988493423,0.038081013570022026,0.038081013570022026,0.038081013570022026,0.038081013570022026,0.03817382799004587,0.037683677845653074,0.037194272298398,0.03670561248926507,0.036217699466460695,0.035730534187562446,0.03524411752162249,0.03475845025123414,0.034273533074557605,0.033789366607307914,0.03330595138469805,0.032823287863356976,0.03234137642319568
23.5,0.03288559853840822,0.03252109484760557,0.03025152062626102,0.03389153295622793,0.03536094107564458,0.03371242834477228,0.03334818458632949,0.03619361528708431,0.038080079278058676,0.038080079278058676,0.038080079278058676,0.038080079278058676,0.038172745780677975,0.03768336454722476,0.03719473014735475,0.03670684371073141,0.03621970627377169,0.03573331878181807,0.03524768209126061,0.034762796971624876,0.03427866410761604,0.03379528410112509,0.03331265747319079,0.03283078466593481,0.03234966604444511
23.583333333333332,0.03289202944282654,0.0325281551446992,0.030262447915645252,0.03389636137084784,0.03536354957371923,0.03371791687277237,0.03335438769768562,0.03619539094388946,0.03807905374566101,0.03807905374566101,0.03807905374566101,0.03807905374566101,0.03817157240223934,0.037682959870313226,0.03719509640498497,0.0367079831240642,0.03622162105165927,0.035736011120369504,0.03525115417342817,0.034767050966809654,0.03428370217129251,0.033801108374484023,0.03331927008280089,0.03283818772342073,0.03235786164618304
23.666666666666668,0.03289837918071248,0.03253513369459893,0.030273290914064166,0.033901108595083995,0.0353660755986871,0.033723319415043695,0.03336050309386285,0.036197078224504686,0.038077938458595195,0.038077938458595195,0.038077938458595195,0.038077938458595195,0.038170309344178754,0.03768246528259911,0.03719537251671445,0.03670903215196031,0.03622344519962728,0.03573861257907507,0.03525453511989585,0.03477121356404056,0.034288648567899926,0.03380684070434925,0.033325790464745264,0.032845498260895,0.032365964426974037
23.75,0.03290464881459565,0.032542031544431804,0.030284050552375597,0.03390577575355058,0.03536852037742633,0.03372863714733687,0.033366531950925093,0.03619867847683311,0.03807673487943841,0.03807673487943841,0.03807673487943841,0.03807673487943841,0.038168958072693604,0.03768188222887825,0.03719555990546697,0.03670999219500959,0.03622518009548181,0.03574112451251832,0.03525782626159657,0.034775286070181544,0.03429350457982694,0.03381248234823708,0.03333221985128154,0.03285271748498131,0.03237397556744326
23.833333333333332,0.032910839391008695,0.03254884972565164,0.030294727748170436,0.03391036395370217,0.03537088511784936,0.03373387122752791,0.03337247542713917,0.036200193027904115,0.038075444447990936,0.038075444447990936,0.038075444447990936,0.038075444447990936,0.03816752003114199,0.03768121213146958,0.03719565997206331,0.03671086463208839,0.03622682709571845,0.03574354825438797,0.035261028908996295,0.03477926977207213,0.034298271469892505,0.033818034544562,0.03333855945604691,0.03285984658417607,0.032381896230592844
23.916666666666668,0.032916951940769046,0.03255558925431434,0.030305323406006446,0.0339148742861386,0.03537317100923798,0.03373902279593355,0.0333783346632901,0.036201623184243914,0.03807406858167628,0.03807406858167628,0.03807406858167628,0.03807406858167628,0.038165996640445066,0.03768045639061035,0.037195674095612086,0.036711650820743236,0.03622838753589752,0.03574588511784582,0.03526414435245706,0.034783165936882465,0.03430295048169296,0.03382349851297617,0.03334481047438764,0.032866886729169265,0.03238972756211567
24,0.0329229874792587,0.032562251131351916,0.03031583841763341,0.03391930782490293,0.03537537922257461,0.033744092975622975,0.03338411078299153,0.03620297023223662,0.03807260867593509,0.03807260867593509,0.03807260867593509,0.03807260867593509,0.03816438929948096,0.03767961638484474,0.03719560363389296,0.036712352097566514,0.03622986273101536,0.035748136395891805,0.03526717386259248,0.0347869758124606,0.034307542839941974,0.033828875454700036,0.033350974083682816,0.032873839073158884,0.032397470690700425
24.083333333333332,0.03292894700669624,0.032568836342838026,0.030326273662218295,0.033923665627775046,0.035377510910865384,0.03374908287272249,0.03338980489298793,0.03620423543848017,0.03807106610461086,0.03807106610461086,0.03807106610461086,0.03807106610461086,0.03816269938547201,0.03767869347140618,0.03719544992372992,0.03671296977856664,0.036231253975865796,0.03575030336171792,0.03527011869061547,0.034790700627673754,0.03431204975080426,0.033834166552848544,0.033357051443660524,0.032880704752159984,0.032405126728330735
24.166666666666668,0.032934831508402596,0.03257534586024935,0.030336630006561727,0.03392794873655758,0.03537956720945634,0.03375399357671349,0.03339541808345148,0.036205420050133386,0.03806944222032782,0.03806944222032782,0.03806944222032782,0.03806944222032782,0.03816092825436357,0.03767768898658841,0.037195214281360744,0.03671350515952798,0.03623256254539475,0.03575238726905661,0.03527298006867996,0.03479434159274164,0.03431647240222091,0.03383937297274864,0.03336304369670828,0.03288748488530446,0.03241269677057734
24.25,0.0329406419550633,0.032581780640720925,0.03034690830531206,0.03393215817735551,0.03538154923634251,0.03375882616072379,0.03340095142827226,0.036206525295255476,0.038067738354859326,0.038067738354859326,0.038067738354859326,0.038067738354859326,0.03815907724119283,0.03767660424611141,0.03719489800279363,0.036713959516364136,0.036233789695047536,0.035754389352520954,0.03527575921021353,0.03479789989956372,0.03432081196422887,0.03384449586225102,0.0333689519681768,0.0328941805751386,0.032420181896887
24.333333333333332,0.03294637930298294,0.032588141627296396,0.030357109401175197,0.0339362949608526,0.03538345809247345,0.03376358168181426,0.0334064059853425,0.03620755238314155,0.03806595581949179,0.03806595581949179,0.03806595581949179,0.03806595581949179,0.03815714766045408,0.037675440545480665,0.03719450236416244,0.03671433410546521,0.036234936661108774,0.035756310827939286,0.03527845731024626,0.03480137672203898,0.034325069589273616,0.03384953635203636,0.033374777366677266,0.032900792907911036,0.03242758317086136
24.416666666666668,0.032952044494336974,0.032594429749173814,0.03036723412511866,0.03394036008257939,0.035385294862049,0.03376826118125864,0.03341178279683632,0.036208502504646356,0.038064095905378625,0.038064095905378625,0.038064095905378625,0.038064095905378625,0.038155140806453325,0.037674199160334876,0.03719402862206911,0.03671463016403642,0.036236004661036825,0.03575815289268136,0.0352810755457289,0.03480477321637898,0.034329246412516445,0.033854495555912356,0.03338052098437316,0.03290732295385679,0.03243490164053342
24.5,0.03295763845741595,0.03260064592194456,0.030377283296573188,0.03394435452317679,0.03538706061281127,0.03377286568481752,0.03341708288948109,0.03620937683250669,0.0380621598838875,0.0380621598838875,0.0380621598838875,0.0380621598838875,0.03815305795365709,0.0376728813467917,0.03719347801392359,0.03671484891043075,0.03623699489378818,0.035759916725979224,0.03528361507584865,0.034808090521415425,0.0343333435521338,0.03385937457110888,0.03338618389726511,0.03291377176747545,0.032442138338637516
24.583333333333332,0.03296316210686667,0.03260679104782982,0.030387257723628602,0.03394827924865518,0.03538875639632977,0.033777396203008125,0.03342230727482631,0.03621017652165337,0.03806014900694232,0.03806014900694232,0.03806014900694232,0.03806014900694232,0.038150900357033946,0.03767148834178369,0.03719285175827425,0.03671499154447444,0.03623790854013964,0.03576160348924007,0.03528607704233555,0.03481132975890189,0.0343373621096108,0.03386417447856327,0.033391767165470654,0.032920140387801666,0.032449294282872465
24.666666666666668,0.03296861634392667,0.03261286601591018,0.030397158203227193,0.033952135210645995,0.03539038324828114,0.03378185373136633,0.033427456949505,0.036210902709518766,0.03805806450735605,0.03805806450735605,0.03805806450735605,0.03805806450735605,0.038148669252389134,0.03767002136338715,0.037192151055132294,0.03671505924778651,0.03623874676299943,0.03576321432635532,0.035288462569764034,0.03481449203380671,0.03434130317003126,0.03386889634320234,0.0333972718334985,0.03292642983867311,0.03245637047616068
24.75,0.03297400205665668,0.03261887170235234,0.030406985521352015,0.033955923346650874,0.035391942188723435,0.03378623925070601,0.033432532895490086,0.03621155651633812,0.038055907599158445,0.038055907599158445,0.038055907599158445,0.038055907599158445,0.038146365856692954,0.037668481611146776,0.037191377086289945,0.03671505318409074,0.03623951070771669,0.0357647503640004,0.035290772765848244,0.034817578434603424,0.03434516780235786,0.033873541214217706,0.033402698930516506,0.03293264112899119,0.032463367906902185
24.833333333333332,0.032979320120164246,0.03262480897062936,0.030416740453212743,0.03395964458028433,0.03539343422236407,0.03379055372736994,0.033437536080346275,0.03621213904544329,0.03805367947791605,0.03805367947791605,0.03805367947791605,0.03805367947791605,0.03814399136840141,0.037666870266390706,0.03719053101563241,0.036714974499522546,0.03624020150237994,0.035766212711930034,0.03529300872173091,0.034820590033553644,0.034348957059710195,0.03387811012533559,0.03340804947061504,0.03293877525297639,0.032470287549222654
24.916666666666668,0.032984571396827755,0.032630678671737856,0.030426423763425525,0.03396329982151092,0.03539486033882344,0.03379479811348007,0.0334424674574767,0.03621265138355367,0.03805138132104702,0.03805138132104702,0.03805138132104702,0.03805138132104702,0.03814154696777172,0.03766518849254208,0.03718961398944298,0.03671482432292961,0.03624082025811437,0.03576760246326871,0.035295171512267354,0.03482352788698351,0.034352671979634986,0.03388260409508104,0.03341332445306455,0.03294483319041941,0.032477130363216755
25,0.03298975673651161,0.03263648164441113,0.030436036206191952,0.033966889966879465,0.035396221512892456,0.03379897334717796,0.03344732796636363,0.03621309460105748,0.03804901428812868,0.03804901428812868,0.03804901428812868,0.03804901428812868,0.03813903381717143,0.037663437435423,0.03718862713670257,0.0367146037661652,0.03624136806936873,0.035768920694793316,0.03529726219630236,0.034826393035556125,0.0343563135843723,0.0338870241270377,0.03341852486256802,0.03295081590692672,0.0324838972951873
25.083333333333332,0.032994876976779386,0.03264221871532591,0.030445578525472916,0.033970415899750916,0.03539751870478458,0.033803080352863946,0.03345211853280605,0.03621346975229023,0.0380465795211995,0.0380465795211995,0.0380465795211995,0.0380465795211995,0.038136453061379916,0.03766161822355141,0.03718757156938257,0.03671431392437774,0.03624184601420044,0.035770168467210706,0.03529928181694375,0.03482918650453848,0.03435988288111491,0.03389137121010166,0.03342365166950856,0.03295672435416175,0.03249058927787796
25.166666666666668,0.03299993294310366,0.03264789069930796,0.030455051455158477,0.033973878490523024,0.035398752860385185,0.03380712004142983,0.033456840069151506,0.03621377787580693,0.038044078145055504,0.038044078145055504,0.038044078145055504,0.038044078145055504,0.03813380582788661,0.03765973196843553,0.03718644838273355,0.03671395587629278,0.03624225515455182,0.03577134682543126,0.03530123140182817,0.03483190930406166,0.034363380862265425,0.03389564631873032,0.03342870583019231,0.0329625594700802,0.03249720723070415
25.25,0.03300492544906808,0.03265349839953102,0.030464455719236172,0.033977278596849514,0.03539992491149335,0.033811093310487594,0.033461493474522985,0.036214019994649016,0.038041511267540074,0.038041511267540074,0.038041511267540074,0.038041511267540074,0.03813109322718056,0.03765777976485918,0.037185258655566766,0.03671353068449079,0.03624259653652362,0.035772456798834895,0.035303111963383094,0.03483456242937688,0.034366808505683855,0.03389985041318644,0.03343368828708537,0.032968322179161236,0.0325037520599758
25.333333333333332,0.033009855296569635,0.032659042607713795,0.030473792031954217,0.03398061706385547,0.03540103577605924,0.03381500104459367,0.03346607963504189,0.03621419711660501,0.03803887997982791,0.03803887997982791,0.03803887997982791,0.03803887997982791,0.03812831635303637,0.03765576269116222,0.03718400345052997,0.03671303939567849,0.036242871190640624,0.03577349940153285,0.03530492449908307,0.034837146861107504,0.03437016677493476,0.03390398443977749,0.03343859996904808,0.03297401339263528,0.03251022465911846
25.416666666666668,0.033014723276013846,0.032664524104310644,0.030483061097982933,0.03398389472434826,0.03540208635841857,0.033818844115468094,0.0334705994240474,0.03621431023446764,0.038036185356705055,0.038036185356705055,0.038036185356705055,0.038036185356705055,0.03812547628279361,0.037653681809517225,0.03718268381437939,0.03671248304095531,0.0362430801321143,0.03577447563262526,0.03530666999170151,0.034839663565493284,0.03437345661952684,0.03390804933108971,0.03344344179156211,0.03297963400870496,0.03251662590888893
25.5,0.033019530166507716,0.03266994365870146,0.030492263612571735,0.033987112399023856,0.03540307754952021,0.03382262338220965,0.03347505370230941,0.03621436032628478,0.0380334284568411,0.0380334284568411,0.0380334284568411,0.0380334284568411,0.03812257407763053,0.03765153816619815,0.03718130077824444,0.036711862636074954,0.03624322436109839,0.035775386476451176,0.035308349409556516,0.034842113494633065,0.03437667897514829,0.033912046006219,0.03344821465695569,0.03298518491276403,0.03252295667758709
25.583333333333332,0.0330242767360478,0.03267530202937552,0.03050140026170345,0.03399027089667084,0.03540401022715178,0.033826339691507945,0.033479443318239044,0.036214348355605885,0.03803061032305788,0.03803061032305788,0.03803061032305788,0.03803061032305788,0.038119610782833435,0.0376493327918459,0.03717985535788948,0.036711179181700526,0.03624330486294114,0.035776232902836824,0.03530996370675332,0.03484449758672015,0.03437983476389839,0.03391597537099522,0.033452919454622254,0.03299066697761033,0.032529217821262835
25.666666666666668,0.03302896374170694,0.0326805999641131,0.030510471722246857,0.0339933710143685,0.03540488525615881,0.03382999387784924,0.03348376910809536,0.03621427527172427,0.03802773198259324,0.03802773198259324,0.03802773198259324,0.03802773198259324,0.0381165874280609,0.03764706670172924,0.03717834855396851,0.03671043366365789,0.036243322608431994,0.035777015867336726,0.03531151382342079,0.03484681676627499,0.03438292489451378,0.03391983831820422,0.03345755706123721,0.03299608106365581,0.032535410183920144
25.75,0.033033591929813255,0.032685838200162465,0.03051947866210436,0.03399641353768157,0.03540570348865968,0.03383358676372006,0.03348803189618543,0.03621414200991291,0.03802479444735751,0.03802479444735751,0.03802479444735751,0.03802479444735751,0.03811350502760047,0.03764474089599612,0.03717678135227609,0.03670962705317926,0.0362432785540423,0.03577773631147019,0.03531300068594323,0.03484907194437148,0.03438595026259006,0.033923635727803214,0.033462128340966846,0.03300142801913064,0.03254153459771558
25.833333333333332,0.03303816203613019,0.03269101746441461,0.030528421740357636,0.033999399240851824,0.03540646576425854,0.033837119159805695,0.03349223249506439,0.03621394949165846,0.03802179871418754,0.03802179871418754,0.03802179871418754,0.03802179871418754,0.03811036458062422,0.037642356359927076,0.03717515472399269,0.03670876030714676,0.03624317364216423,0.03577839516295578,0.03531442520718975,0.03485126401886074,0.03438891175080094,0.033927368467134844,0.0334666341456773,0.033006708680286545,0.03254759188315437
25.916666666666668,0.03304267478602951,0.03269613847357378,0.030537301607411527,0.03400232888698551,0.03540717291025186,0.03384059186518629,0.03349637170572817,0.03621369862488777,0.03801874576509445,0.03801874576509445,0.03801874576509445,0.03801874576509445,0.0381071670714368,0.03763991406417855,0.03717346962592649,0.036707834368328474,0.036243008801342125,0.035778993335937814,0.03531578828673587,0.03485339387459008,0.03439181022911053,0.03393103739113479,0.03347107531513682,0.033011923871592685,0.03255358284928267
26,0.03304713089466316,0.0327012019343238,0.03054611890513237,0.03400520322823741,0.03540782574183199,0.03384400566752688,0.03350045031780424,0.03621339030419146,0.03801563656750684,0.03801563656750684,0.03801563656750684,0.03801563656750684,0.0381039134697192,0.037637414965022487,0.03717172700074922,0.03670685016561093,0.03624278494650057,0.0357795317312104,0.03531709081108447,0.0348554623836157,0.034394646554983144,0.03393464334253604,0.033475452677214745,0.033017074405929936,0.03255950829387433
26.083333333333332,0.03305153106713088,0.03270620854349482,0.03055487426698722,0.034008023005990484,0.03540842506228614,0.03384736134326638,0.03350446910973859,0.036213025411044875,0.038012472074510306,0.038012472074510306,0.038012472074510306,0.038012472074510306,0.03810060473076815,0.03763486000458394,0.037169927777228606,0.036705808614227564,0.03624250297916931,0.0357800112364377,0.035318333653879375,0.03485747040541476,0.03439742157358938,0.03393818715206964,0.033479767048077536,0.03302216108478073,0.03256536900361673
26.166666666666668,0.033055875998644124,0.032711158988221634,0.03056356831817708,0.034010788951033266,0.0354089716631929,0.03385065965780032,0.03350842884897842,0.03621260481402078,0.038009253225079975,0.038009253225079975,0.038009253225079975,0.038009253225079975,0.03809724179573082,0.03763225011107019,0.03716807287045443,0.03670471061598102,0.03624216378770151,0.035780432726368216,0.03531951767611696,0.0348594187870912,0.03440013611800685,0.033941669638660965,0.03348401923237909,0.03302718469841559,0.03257116575429064
26.25,0.033060166374689004,0.03271605394610355,0.030572201675770794,0.03401350178373397,0.03540946632461406,0.03385390136566313,0.033512330292152726,0.03621212936900231,0.03800598094431229,0.03800598094431229,0.03800598094431229,0.03800598094431229,0.03809382559183638,0.0376295861989997,0.037166163182064116,0.03670355705946449,0.03624176824749026,0.03578079706304704,0.03532064372635291,0.03486130836357737,0.03440279100941823,0.03394509160962356,0.033488210023449705,0.033032146026075626,0.03257689931094809
26.333333333333332,0.033064402871183285,0.0327208940853585,0.030580774948833156,0.03401616221420878,0.035409909815282026,0.033857087210703796,0.033516174185247216,0.03621159991938927,0.03800265614364928,0.03800265614364928,0.03800265614364928,0.03800265614364928,0.038090357032620537,0.03762686916942326,0.03716419960045969,0.03670234882027512,0.03624131722117885,0.035781105096021726,0.03532171264090489,0.03486313995783341,0.03440538705730556,0.03394845386084677,0.03349234020348013,0.033037045836151746,0.03258257042808688
26.416666666666668,0.033068586154631374,0.032725680064975116,0.030589288738552822,0.03401877094249106,0.03541030289278524,0.03386021792626037,0.03351996126377821,0.03621101729630083,0.03799927972109973,0.03799927972109973,0.03799927972109973,0.03799927972109973,0.0380868370181473,0.037624099910142705,0.037162183001023585,0.036701086761225854,0.0362408115588686,0.03578135766254631,0.03532272524405178,0.03486491438104178,0.034407925059639854,0.03395175717698273,0.033496410543702115,0.03304188488636095,0.03258817984982043
26.5,0.03307271688227864,0.0327304125348622,0.030597743638367758,0.03402132865869345,0.03541064630374979,0.0338632942353303,0.03352369225296181,0.03621038231877538,0.03799585256145677,0.03799585256145677,0.03799585256145677,0.03799585256145677,0.03808326643522819,0.0376212792959254,0.037160114246328924,0.036699771732552344,0.036240252098321823,0.03578155558778118,0.035323682348229024,0.03486663243279753,0.034410405803067645,0.03395500233162774,0.03350042180456603,0.033046663923918196,0.0325937283100457
26.583333333333332,0.033076795702259076,0.032735092135995236,0.0306061402340867,0.03402383604316972,0.03541094078401663,0.03386631685073782,0.033527367867880464,0.036209695793965935,0.037992375536511025,0.037992375536511025,0.037992375536511025,0.037992375536511025,0.038079646157634706,0.03761840818871498,0.03715799418634713,0.036698404572117704,0.036239639665162526,0.03578169968498823,0.03532458475422051,0.03486829490129728,0.0344128300630957,0.03395819008750145,0.0335043747359145,0.03305138368570626,0.03259921653260811
26.666666666666668,0.03308082325374273,0.032739719500559206,0.030614479104009718,0.03402629376667199,0.03541118705881652,0.03386928647529808,0.0335309888136468,0.036208958517331746,0.03798884950525894,0.03798884950525894,0.03798884950525894,0.03798884950525894,0.038075977046307496,0.037615487437836936,0.037155823658650666,0.03669698610560945,0.03623897507307072,0.0357817907557223,0.03532543325134596,0.03486990256352196,0.03441519860426823,0.03396132119662143,0.03350827007715429,0.03305604489844183,0.03260464523146189
26.75,0.033084800167079154,0.03274429525208933,0.030622760819046357,0.0340287024905046,0.0354113858429399,0.03387220380197742,0.03353455578556197,0.03620817127282683,0.03798527531410811,0.03798527531410811,0.03798527531410811,0.03798527531410811,0.03807225994956265,0.037612517880200924,0.0371536034886113,0.03669551714673713,0.036238259123974714,0.0357818295900203,0.035326228617645894,0.03487145618541754,0.034417512180344945,0.03396439640047588,0.03351210855742215,0.033060648278838034,0.03261001511082884
26.833333333333332,0.03308872706393995,0.03274882000561119,0.030630985942831535,0.034031062866677786,0.03541153784090745,0.03387506951405328,0.03353806946927551,0.036207334833085136,0.03798165379707963,0.03798165379707963,0.03798165379707963,0.03798165379707963,0.0380684957032944,0.037609500340501256,0.03715133448959729,0.03669399849742461,0.03623749260824183,0.035781816966586666,0.03532697162006326,0.03487295652207245,0.034419771534474286,0.03396741643019241,0.03351589089575113,0.03306519453376433,0.032615326865353955
26.916666666666668,0.033092604557455774,0.032753294367773966,0.03063915503183834,0.03403337553805508,0.03541164374713257,0.033877884285266946,0.03354153054093745,0.03620644995960087,0.037977985776003864,0.037977985776003864,0.037977985776003864,0.037977985776003864,0.03806468513117167,0.03760643563140964,0.0371490174631639,0.03669243094799657,0.03623667630486049,0.03578175365297365,0.03532766301461998,0.03487440431789146,0.034421977399361925,0.03397038200670277,0.03351961780123003,0.03306968436040414,0.03262058118025668
27,0.03309643325235334,0.03275771893698498,0.03064726863549061,0.034035641138500106,0.03541170424608464,0.03388064877997765,0.03354493966735084,0.03620551740290745,0.037974272060716796,0.037974272060716796,0.037974272060716796,0.037974272060716796,0.03806082904483343,0.0376033245537688,0.037146653199242596,0.03669081527736617,0.036235810981624095,0.03578164040576004,0.03532830354659233,0.034875800306765736,0.03442413049743842,0.03397329384090653,0.03352328997316367,0.03307411844640851,0.03262577873148187
27.083333333333332,0.03310021374508798,0.03276209430353938,0.030655327296271073,0.034037860293019806,0.035411720012446635,0.033883363653310905,0.03354829750611987,0.03620453790275113,0.037970513449247845,0.037970513449247845,0.037970513449247845,0.037970513449247845,0.03805692824407969,0.03760016789677856,0.037144242476325084,0.03668915225321534,0.03623489739530794,0.03578147797072595,0.035328893950681506,0.03487714521224117,0.0344262315410222,0.03397615263383047,0.03352690810122683,0.03307849747004665,0.032630920185845236
27.166666666666668,0.0331039466239762,0.03276642104975047,0.03066333154982992,0.03404003361790653,0.03541169171127323,0.033886029551305485,0.03355160470579621,0.03620351218826445,0.03796671072800972,0.03796671072800972,0.03796671072800972,0.03796671072800972,0.038052983517059324,0.03759696643818278,0.03714178606164675,0.03668744263217305,0.03623393629184579,0.03578126708302465,0.03532943495118257,0.03487843974768157,0.034428281232480984,0.0339789590767845,0.03353047286561739,0.03308282210035518,0.03263600620117857
27.25,0.033107632469323134,0.03277069975007274,0.030671281925089833,0.034042161720874375,0.035411619998141575,0.033888647111057324,0.03355486190602197,0.036202440978132744,0.037962864671979846,0.037962864671979846,0.037962864671979846,0.037962864671979846,0.038048995640453054,0.03759372094444835,0.0371392847113623,0.03668568715999099,0.036232928406500164,0.03578100846735066,0.035329927262148564,0.03487968461643143,0.034430280264388546,0.03398171385151594,0.033533984937206274,0.03308709299728374,0.032641037426470065
27.333333333333332,0.03311127185354823,0.03277493097122708,0.030679178944349017,0.034044245201195755,0.035411505519302056,0.033891216960860504,0.033558069737669394,0.03620132498075934,0.03795897604488041,0.03795897604488041,0.03795897604488041,0.03795897604488041,0.03804496537965463,0.03759043217094371,0.037136739170722244,0.03668388657171495,0.03623187446403153,0.03578070283810497,0.03533037158755237,0.034880880511973134,0.034432229319679264,0.03398441763036053,0.03353744497768374,0.03309131081183736,0.03264601450200444
27.416666666666668,0.03311486534131114,0.032779115272322024,0.03068702312338356,0.0340462846498355,0.03541134891182729,0.033893739720346705,0.03356122882298074,0.03620016489443012,0.03795504559935803,0.03795504559935803,0.03795504559935803,0.03795504559935803,0.03804089348894957,0.03758710086211425,0.03713415017424482,0.036682041591854286,0.03623077517886486,0.03578035089955822,0.03533076862144657,0.03488202811808305,0.0344341290718011,0.03398707107639054,0.03354085363970505,0.033095476186217,0.03265093805949748
27.5,0.033118413489631626,0.03278325320497277,0.03069481497154647,0.03404828064958032,0.035411150803754454,0.03389621600062043,0.033564339775701724,0.03619896140746959,0.03795107407715381,0.03795107407715381,0.03795107407715381,0.03795107407715381,0.038036780711687035,0.037583727751653084,0.03713151844588358,0.036680152934546406,0.03622963125525103,0.03577995334600925,0.03533111904811914,0.034883128108984085,0.03443598018486371,0.033989674843559525,0.03354421156703036,0.03309958975395744,0.032655808722231505
27.583333333333332,0.03312191684800947,0.03278734531341709,0.03070255499186625,0.03405023377516714,0.03541091181422962,0.03389864640439311,0.03356740320121543,0.03619771519839987,0.03794706220927657,0.03794706220927657,0.03794706220927657,0.03794706220927657,0.03803262778045191,0.03758031356266933,0.03712884469919375,0.03667822130372045,0.03622844338742648,0.03577951086194209,0.03533142354224572,0.034884181149494875,0.03443778331378522,0.03399222957684578,0.03354751939466505,0.03310365214006272,0.03266062710518569
27.666666666666668,0.033125375958541925,0.03279139213463145,0.030710243681142613,0.034052144593411215,0.035410632553646515,0.033901031526114345,0.03357041969667307,0.03619642693609326,0.03794301071616979,0.03794301071616979,0.03794301071616979,0.03794301071616979,0.03802843541723422,0.037576859007854235,0.03712612963749473,0.03667624739325692,0.0362272122597711,0.03577902412217915,0.035331682769042194,0.034885187895178804,0.034439539104435646,0.03399473591239266,0.03355077774899606,0.03310766396113851,0.03266539381516531
27.75,0.03312879135603919,0.03279539419844335,0.030717881530041513,0.03405401366332761,0.03541031362378355,0.033903371952100914,0.033573389851121904,0.036195097279923205,0.037938920307875934,0.037938920307875934,0.037938920307875934,0.037938920307875934,0.038024204333592104,0.03757336478964324,0.037123373954030425,0.036674231887144915,0.03622593854696121,0.03577849379203357,0.03533189738441056,0.0348861489924861,0.03444124819377903,0.033997194477646264,0.033553987247925354,0.03311162582552307,0.0326701094509283
27.833333333333332,0.033132163568136086,0.03279935202764084,0.030725469023186402,0.03405584153625285,0.03540995561793814,0.03390566826066266,0.033576314245630456,0.036193726879911736,0.037934791684197444,0.037934791684197444,0.037934791684197444,0.037934791684197444,0.03801993523081437,0.037569831600374526,0.03712057833212423,0.03667217545963397,0.036224622914120985,0.035777920527454654,0.035332068035084374,0.034887065078897495,0.03444291121001042,0.033999605891489315,0.03355714850100244,0.03311553833341452,0.032674774603309586
27.916666666666668,0.03313549311540531,0.032803266138083265,0.030733006639251714,0.03405762875596641,0.03540955912105992,0.03390792102222773,0.033579193453413536,0.0361923163768767,0.03793062553485749,0.03793062553485749,0.03793062553485749,0.03793062553485749,0.03801562880008058,0.03756626012244735,0.03711774344533536,0.0366700787753893,0.036223266016971234,0.03577730497517684,0.03533219535877219,0.03488793678306301,0.03444452877269333,0.034001970764376166,0.033560262109552985,0.033119402076997595,0.032679389855343244
28,0.03313878051146424,0.03280713703880589,0.030740494851050126,0.03405937585880614,0.035409124709879336,0.033910130799464255,0.03358202803995258,0.03619086640257296,0.03792642253965339,0.03792642253965339,0.03792642253965339,0.03792642253965339,0.038011285722616694,0.037562651028475,0.037114869957608265,0.03666794248963656,0.03622186850197484,0.03577664777286005,0.03533227998429678,0.03488876472493874,0.034446101492892955,0.03400428969846114,0.03356332866680667,0.033123217640565805,0.032683955782382146
28.083333333333332,0.03314202626308327,0.03281096523212579,0.03074793412562138,0.03406108337378311,0.035408652953035746,0.033912298147398934,0.033584818563114904,0.03618937757983276,0.037922183368611195,0.037922183368611195,0.037922183368611195,0.037922183368611195,0.03800690666984807,0.037559004981435606,0.03711195852342253,0.03666576724831039,0.0362204310064802,0.03577594954923047,0.035332322531732574,0.03488954951592094,0.03444762997330675,0.03400656328772733,0.03356634875802067,0.03312698560064398,0.03268847295221611
28.166666666666668,0.03314523087029042,0.032814751213744886,0.030755324924318206,0.034062751822695914,0.035408144411202436,0.033914423613536915,0.03358756557327092,0.03618785052270468,0.03791790868213596,0.03791790868213596,0.03791790868213596,0.03791790868213596,0.03800249230355157,0.03755532263482131,0.037109009787938074,0.03666355368819607,0.03621895415886156,0.035775210924219536,0.035332323612540684,0.03489029175897884,0.034449114808394965,0.03400879211811292,0.033569322960602666,0.03313070652610661,0.03269294192518735
28.25,0.033148394826475025,0.03281849547285032,0.0307626677028916,0.03406438172024062,0.035407599637210296,0.0339165077379755,0.03359026961340961,0.03618628583658823,0.03791359913115988,0.03791359913115988,0.03791359913115988,0.03791359913115988,0.03799804327600276,0.037551604632783286,0.037106024387138614,0.036661302437071885,0.03621743857865756,0.03577443250909851,0.03533228382970166,0.034890992048783875,0.034450556584505465,0.034010976767633316,0.03357225184423185,0.03313438097829513,0.0326973632543035
28.333333333333332,0.03315151861848875,0.03282219849221435,0.030769962911573634,0.03406597357412133,0.03540701917616751,0.03391855105351893,0.033592931219250666,0.03618468411836706,0.037909255357286176,0.037909255357286176,0.037909255357286176,0.037909255357286176,0.037993560230122014,0.03754785161027652,0.03710300294797331,0.03665901411384653,0.03621588487670757,0.03577361490661235,0.03533220377784585,0.034891650971836885,0.034451955879999385,0.03401311780650418,0.0335751359709755,0.03313800951113266,0.03270173748535021
28.416666666666668,0.033154602726745974,0.032825860748291635,0.03077721099515962,0.034067527885155435,0.03540640356557967,0.03392055408578942,0.033595550919356176,0.03618304595653954,0.03790487799293385,0.03790487799293385,0.03790487799293385,0.03790487799293385,0.03798904379961776,0.03754406419319922,0.03709994608849443,0.036656689328695036,0.03621429365528339,0.035772758711108965,0.03533208404338084,0.034892269106593155,0.03445331326537282,0.034015215797258636,0.0335779758954069,0.03314159267123706,0.03270606515699992
28.5,0.03315764762531992,0.03282948271131425,0.030784412393087157,0.03406904514737974,0.03540575333546414,0.0339225173533364,0.03359812923523875,0.03618137193134663,0.037900467661474924,0.037900467661474924,0.037900467661474924,0.037900467661474924,0.037984494609125674,0.03754024299853054,0.037096854417992375,0.036654328683192405,0.036212665508222,0.03577186450866843,0.03533192520461759,0.03489284702358586,0.034454629303376505,0.034017271294866536,0.03358077216471789,0.03314513099803129,0.03271034680092022
28.583333333333332,0.03316065378204147,0.03283306484538828,0.030791567539517395,0.0340705258481544,0.035405069008467516,0.033924441367745084,0.03360066668146988,0.03617966261489913,0.03789602497737565,0.03789602497737565,0.03789602497737565,0.03789602497737565,0.03797991327434902,0.037536388634469064,0.03709372853713222,0.03665193277044554,0.03621100102105301,0.03577093287722999,0.03533172783189431,0.03489338528554664,0.03445590454913483,0.03401928484684724,0.03358352531883124,0.033148625023853295,0.032714582941878456
28.666666666666668,0.033163621658591325,0.032836607608582646,0.030798676863410535,0.03407197046826327,0.035404351099975306,0.033926326633740844,0.03360316376578365,0.036177918571300705,0.03789155054632909,0.03789155054632909,0.03789155054632909,0.03789155054632909,0.03797530040219255,0.037532501700563436,0.03709056903808161,0.036649502175221116,0.03620930077112616,0.03576996438671465,0.035331492487696625,0.034893884447523726,0.03445713955026042,0.03402125699338421,0.03358623589051124,0.03315207527406194,0.03271877409784674
28.75,0.033166551710593684,0.032840111453023235,0.030805740788603098,0.03407337948201472,0.03540360011822452,0.03392817364929446,0.03360562098918085,0.036176140356769304,0.037887044965389194,0.037887044965389194,0.037887044965389194,0.037887044965389194,0.03797065659089616,0.03752858278784532,0.037087376504641556,0.036647037474072386,0.036207565327734725,0.035768959599147276,0.03533121972677766,0.034894345056998954,0.0344583348469687,0.034023188267435334,0.03358890440547091,0.03315548226714271,0.03272292078010364
28.833333333333332,0.03316944438770708,0.03284357682497996,0.030812759733881867,0.03407475335733934,0.03540281656441113,0.033929982905723355,0.0336080388460307,0.03617432851975755,0.0378825088231014,0.0378825088231014,0.0378825088231014,0.0378825088231014,0.03796598243016658,0.037524632478957765,0.03708415151237321,0.0366445392354644,0.036205795252238104,0.03576791906877674,0.03533091009627509,0.034894767654002345,0.034459490972189366,0.03402507919484199,0.03359153138247928,0.03315884651481116,0.03272702349333456
28.916666666666668,0.033172300133715193,0.03284700416495556,0.03081973411305916,0.03407609255588606,0.035402000932797995,0.03393175488779221,0.03361041782417029,0.036172483601070615,0.037877942699631406,0.037877942699631406,0.037877942699631406,0.037877942699631406,0.03796127850130593,0.0375206513482822,0.037080894628721994,0.0366420080198957,0.03620399109818151,0.0357668433421936,0.03533056413582614,0.03489515277122446,0.034460608451676755,0.034026930294436486,0.033594117333464624,0.03316216852211373,0.032731082735729666
29,0.03317511938661322,0.032850393907771336,0.030826664335042997,0.03407739753311678,0.03540115371081831,0.03393349007381152,0.033612758405002774,0.036170606133980376,0.03787334716689017,0.03787334716689017,0.03787334716689017,0.03787334716689017,0.037956545377337614,0.03751663996206256,0.03707760641313995,0.03663944438001887,0.03620215341141453,0.03576573295844443,0.03533018237768082,0.034895500934126744,0.03446168780411751,0.03402874207814732,0.033596662763617946,0.03316544878752836,0.03273509899908156
29.083333333333332,0.03317790257869557,0.03285374648265216,0.030833550803909926,0.034078668738400264,0.03540027537918,0.03393518893573422,0.03361506106359324,0.03616869664434019,0.03786872278866027,0.03786872278866027,0.03786872278866027,0.03786872278866027,0.03795178362313223,0.037512598878528314,0.03707428741720631,0.03663684886075824,0.036200282730206146,0.035764588449147316,0.035329765346812314,0.034895812661050796,0.03446272954123675,0.03403051505110222,0.03359916817149311,0.0331686878030617,0.03273907276888033
29.166666666666668,0.03318065013663962,0.032857062313309315,0.03084039391897364,0.034079906615102074,0.035399366411965394,0.03393685193925067,0.033617326268764236,0.03616675565069549,0.03786407012071469,0.03786407012071469,0.03786407012071469,0.03786407012071469,0.03794699379552746,0.037508528648013684,0.03707093818474538,0.03663422199942601,0.036198379585358875,0.035763410338600865,0.03532931356102753,0.03489608846332448,0.034463734167901494,0.03403224971173047,0.0336016340491061,0.033171886054345734,0.03274300452440637
29.25,0.03318336248159026,0.032860341818021555,0.0308471940748547,0.034081111600675174,0.03539842727673248,0.03393847954388285,0.03361955448318721,0.03616478366439346,0.037859389710939384,0.037859389710939384,0.037859389710939384,0.037859389710939384,0.03794217644345066,0.03750442981307667,0.03706755925194294,0.036631564325836585,0.03619644450032111,0.03576219914389678,0.035328827531072804,0.03489632884536742,0.03446470218222508,0.03403394655186176,0.03360406088203227,0.03317504402073257,0.03274689473882275
29.333333333333332,0.03318604002924319,0.03286358540971834,0.03085395166154714,0.03408228412674941,0.03539745843461306,0.033940072203076266,0.03362174616347691,0.036162781189693405,0.037854682099450754,0.037854682099450754,0.037854682099450754,0.037854682099450754,0.03793733210803696,0.03750030290861628,0.03706415114746142,0.03662887636242007,0.03619447799129771,0.03576095537502577,0.03532830776074203,0.034896534304794447,0.03446563407566616,0.03403560605682676,0.033606449149502726,0.03317816217538727,0.0327507438792658
29.416666666666668,0.033188683189921964,0.03286679349605426,0.030860667064485092,0.03408342461921521,0.035396460340406,0.03394163036428921,0.03362390176027752,0.036160748723867986,0.03784994781870954,0.03784994781870954,0.03784994781870954,0.03784994781870954,0.037932461322742306,0.03749614846198446,0.03706071439255032,0.036626158624329275,0.03619248056735547,0.035759679534983935,0.035327754746977025,0.03489670533251532,0.03446653033312841,0.03403722870555037,0.03360879932449712,0.033181240985379334,0.032754552406933035
29.5,0.033191292368660585,0.0328699664794907,0.030867340664607612,0.034084533498311975,0.035395433442674484,0.03394315446908247,0.033626021718353716,0.03615868675731093,0.03784518739363629,0.03784518739363629,0.03784518739363629,0.03784518739363629,0.03792756461346136,0.037491966993099535,0.03705724950115763,0.03662341161955074,0.03619045273053234,0.03575837211987665,0.0353271689799719,0.03489684241283664,0.03446739143305755,0.0340388149706492,0.033611111873836697,0.03318428091177261,0.03275832077717178
29.583333333333332,0.03319386796528079,0.03287310475737071,0.030873972838423747,0.03408561117871067,0.03539437818383906,0.03394464495320704,0.03362810647667658,0.03615659577363872,0.037840401341724395,0.037840401341724395,0.037840401341724395,0.037840401341724395,0.037922642498638526,0.03748775901455814,0.0370537569800391,0.03662063584901132,0.03618839497594162,0.035757033619022494,0.035326550943272306,0.034896946023558195,0.034468217847537286,0.03404036531852417,0.03361338725827534,0.03318728240971325,0.03276204943956329
29.666666666666668,0.03319641037446752,0.032876208721992484,0.030880563958074703,0.03408665806959532,0.035393295000266445,0.03394610224668804,0.033630156468508865,0.03615447624979029,0.03783559017314664,0.03783559017314664,0.03783559017314664,0.03783559017314664,0.03791769548937696,0.037483525031740905,0.03705023732886348,0.03661783180668121,0.03618630779187226,0.03575566451505097,0.035325901113874236,0.03489701663606981,0.03446901004238345,0.03404188020945109,0.03361562593258838,0.03319024592851694,0.03276573883800804
29.75,0.03319891998584534,0.03287927876068619,0.03088711439139602,0.03408767457474582,0.03539218432236235,0.03394752677391133,0.033632172121488724,0.036152328656127164,0.03783075439086736,0.03783075439086736,0.03783075439086736,0.03783075439086736,0.037912724089549155,0.037479265542921913,0.037046691040318214,0.03661499997967832,0.03618419165989284,0.03575426528400483,0.035325219962321075,0.03489705471544613,0.03446976847723593,0.03404336009767284,0.033617828345660516,0.033193171911754416,0.03276938941080876
29.833333333333332,0.03320139718405235,0.0328823152558837,0.030893624501977968,0.034088661092616324,0.03539104657465786,0.03394891895370522,0.0336341538577134,0.03615015345652939,0.03782589449074636,0.03782589449074636,0.03782589449074636,0.03782589449074636,0.03790772879590221,0.037474981039371746,0.0370431186002127,0.03661214084836906,0.03618204705494943,0.03575283639543514,0.03532450795279796,0.03489706072053966,0.03447049360564991,0.034044805431485914,0.03361999494057222,0.03319606079733495,0.03277300159075103
29.916666666666668,0.033203842348811685,0.03288531858519117,0.030900094649226384,0.034089618016413414,0.035389882175896004,0.03395027919942173,0.03363610209381784,0.036147951108492116,0.03782101096164414,0.03782101096164414,0.03782101096164414,0.03782101096164414,0.03790271009816348,0.037470672005461614,0.0370395204875793,0.036609254886468046,0.03617987444546267,0.03575137831249697,0.03532376554322614,0.03489703510407205,0.03447118587518472,0.03404621665332863,0.03362212615468474,0.033198913017588705,0.03277657580518456
30,0.03320625585500592,0.0328882891214588,0.030906525188421297,0.03409054573417425,0.035388691539119055,0.033951607919017635,0.033638017241057305,0.036145722063219976,0.037816104285525176,0.037816104285525176,0.037816104285525176,0.037816104285525176,0.03789766847914322,0.037466338918764386,0.03703589717477329,0.036606342561135596,0.036177674293425,0.03574989149204488,0.03532299318535537,0.03489697831272398,0.03447184572749262,0.034047594199867026,0.03362422241972296,0.03320172899934848,0.03278011247610024
30.083333333333332,0.0332086380727441,0.03289122723284987,0.030912916470773766,0.03409144462884073,0.03538747507175022,0.033952905515132414,0.0336398997053835,0.03614346676571811,0.0378111749375587,0.0378111749375587,0.0378111749375587,0.0378111749375587,0.037892604414837106,0.03746198225015518,0.03703224912757075,0.036603404333074296,0.0361754470544946,0.03574837638472417,0.035322191324852925,0.03489689078722402,0.03447247359840433,0.03404893850207813,0.033626284161857756,0.03320450916402917,0.03278361202020985
30.166666666666668,0.033210989367433275,0.032894133282908244,0.030919268843484282,0.03409231507833499,0.03538623317567757,0.03395417238516618,0.03364174988752322,0.036141185654884334,0.03780622338621842,0.03780622338621842,0.03780622338621842,0.03780622338621842,0.03788751837452442,0.03745760246390839,0.037028576805264946,0.03660044065662427,0.03617319317808798,0.03574683343506191,0.03532136040139422,0.03489677296243543,0.03447306991801402,0.03405024998533346,0.03362831180178705,0.033207253927705516,0.03278707484901999
30.25,0.03321331009984552,0.03289700763062475,0.030925582649797834,0.034093157455631795,0.035384966247334226,0.0339554089213554,0.033643568183052475,0.036138879163597926,0.0378012500933802,0.0378012500933802,0.0378012500933802,0.0378012500933802,0.03788241082086752,0.03745320001779473,0.037024880660761594,0.03659745197985442,0.036170913107471,0.03574526308155668,0.03532050084874894,0.03489662526744142,0.03447363511076307,0.03405152906948006,0.033630305754813516,0.033209963701190226,0.03279050136890804
30.333333333333332,0.03321560062618545,0.03289985063050338,0.030931858229059417,0.034093972128831807,0.035383674677779364,0.03395661551084905,0.0336453549824729,0.036136547718808254,0.03779625551441845,0.03779625551441845,0.03779625551441845,0.03779625551441845,0.03787728221000797,0.03744877536317692,0.037021161140671666,0.0365944387446564,0.03616860727984972,0.03574366575676691,0.03531961309486853,0.03489644812562953,0.034474169595522186,0.03405277616892133,0.033632266430924984,0.03321263889010928,0.03279389198119609
30.416666666666668,0.03321786129815507,0.0329026626326252,0.03093809591676755,0.03409475946123064,0.035382358852775075,0.03395779253578035,0.03364711067128323,0.03613419174162025,0.03779124009830115,0.03779124009830115,0.03779124009830115,0.03779124009830115,0.03787213299166137,0.037444328945101635,0.037017418685403314,0.0365914013868327,0.03616627612645762,0.03574204188739616,0.03531869756196948,0.0348962419547747,0.03447467378567226,0.034053991692694074,0.033634194234868575,0.033215279894976524,0.0327972470822222
30.5,0.033220092463019046,0.032905443982711224,0.030944296044628672,0.03409551981138881,0.03538101915286451,0.033958940373340685,0.03364883563005283,0.03613181164738011,0.03778620428768176,0.03778620428768176,0.03778620428768176,0.03778620428768176,0.0378669636092106,0.037439861202391844,0.03701365372925203,0.03658834033618574,0.036163920072642686,0.035740391894379275,0.03531775466661702,0.03489600716711938,0.03447514808918273,0.03405517604454822,0.03363608956622821,0.03321788711126694,0.03280056706341261
30.583333333333332,0.033222294463668645,0.03290819502218567,0.030950458940607994,0.034096253533201226,0.03537965595344761,0.03396005939585023,0.033650530234491605,0.0361294078457588,0.03778114851899228,0.03778114851899228,0.03778114851899228,0.03778114851899228,0.03786177449979822,0.03743537256773766,0.037009866700489225,0.036585256016606005,0.03616153953795331,0.035738716192965425,0.03531678481980727,0.03489574416945507,0.03447559290869173,0.03405632962302074,0.033637952819497,0.033220460929488604,0.03280385231135119
30.666666666666668,0.03322446763868392,0.0329109160882366,0.030956584928982567,0.0340969609759636,0.03537826962485613,0.03396114997082833,0.03365219485551996,0.0361269807408342,0.037776073222532514,0.037776073222532514,0.037776073222532514,0.037776073222532514,0.03785656609441612,0.037430863467785125,0.03700605802144974,0.03658214884615574,0.036159134936221804,0.035737015192800925,0.03531578842704741,0.03489545336319977,0.03447600864158051,0.03405745282151207,0.03363978438415183,0.03322300173525394,0.03280710320784852
30.75,0.03322661232239499,0.032913607513876286,0.030962674330391238,0.034097642484438584,0.035376860532425836,0.0339622124610619,0.033653829859337625,0.036124530731172166,0.037770978822558865,0.037770978822558865,0.037770978822558865,0.037770978822558865,0.03785133881799507,0.03742633432322262,0.03700222810861775,0.0365790192371549,0.036156706675646744,0.03573528929800962,0.03531476588843496,0.0348951351444764,0.034476395680050675,0.03405854602835934,0.03364158464472333,0.03322550990934947,0.03281032013000984
30.833333333333332,0.03322872884494288,0.032916269628000316,0.030968727461883727,0.03409829839892087,0.03537542903656976,0.03396324722467381,0.033655435607490514,0.036122058209905994,0.03776586573737162,0.03776586573737162,0.03776586573737162,0.03776586573737162,0.037846093089491495,0.03742178554886766,0.036998377372711166,0.03657586759626352,0.036154255158874715,0.03573353890727238,0.035313717598735694,0.034894789904187595,0.03447675441119813,0.03405960962690835,0.03364335398086804,0.03322798582780395,0.032813503450300985
30.916666666666668,0.03323081753233903,0.032918902755445956,0.030974744636971474,0.03409892905530154,0.03537397549284882,0.03396425461518926,0.03365701245693753,0.03611956356481505,0.03776073437940042,0.03776073437940042,0.03776073437940042,0.03776073437940042,0.03784082932197408,0.037417217553751714,0.03699450621876421,0.03657269432456278,0.036151780783080456,0.03573176441390569,0.03531264394745981,0.03489441802809168,0.03447708521708548,0.03406064399558528,0.03364509276743677,0.033230429861956345,0.03281665353661434
31,0.033232878706523916,0.032921507217049895,0.030980726165674266,0.03409953478513117,0.03537250025204197,0.03396523498160109,0.03365856076011586,0.03611704717840114,0.037755585155289095,0.037755585155289095,0.037755585155289095,0.037755585155289095,0.03783554792270838,0.037412630741202824,0.03699061504621004,0.036569499817635576,0.036149283940044796,0.035729966205939157,0.0353115453189381,0.03489401989687657,0.03447738847481463,0.034061649507967084,0.033646801374543456,0.033232842378521976,0.03281977075233322
31.083333333333332,0.033234912685424556,0.03292408332970376,0.030986672354568867,0.03410011591568085,0.035371003660214395,0.033966188668434594,0.03366008086500427,0.0361145094279649,0.037750418465978486,0.037750418465978486,0.037750418465978486,0.037750418465978486,0.03783024929323964,0.037408025508927745,0.03698670424896067,0.036566284465646026,0.03614676501623282,0.035728144666190564,0.03531042209239543,0.034893595886230644,0.03447766455659784,0.034062626532849416,0.033648480167631334,0.033235223739657815,0.03282285545639585
31.166666666666668,0.03323691978301091,0.03292663140641028,0.030992583506834537,0.03410067277000417,0.035369486058785427,0.03396711601581148,0.03366157311518769,0.03611195068568018,0.037745234706788366,0.037745234706788366,0.037745234706788366,0.037745234706788366,0.03782493382947516,0.03740340224909211,0.03698277421548579,0.036563048653416086,0.03614422439286891,0.035726300172340464,0.03530927464202427,0.03489314636691554,0.0344779138298259,0.03406357543431571,0.03365012950754065,0.03323757430302665,0.03282590800335661
31.25,0.03323890030935228,0.03292915175633793,0.030998459922300547,0.03410120566699648,0.035367947784594955,0.03396801735951094,0.033663037849917865,0.03610937131866687,0.03774003426749717,0.03774003426749717,0.03774003426749717,0.03774003426749717,0.0378196019217647,0.03739876134840059,0.03697882532889141,0.03655979276050236,0.036141662446013134,0.03572443309700568,0.03530810333705525,0.0348926717048359,0.03447813665713784,0.03406449657180333,0.03365174975057217,0.033239894421860594,0.032828928743448005
31.333333333333332,0.033240854570671496,0.03293164468487353,0.031004301897489484,0.034101714921454196,0.03536638916996915,0.033968893031032454,0.0336644754041755,0.03610677168906418,0.03773481753242147,0.03773481753242147,0.03773481753242147,0.03773481753242147,0.037814253954979726,0.03739410318817371,0.03697485796699529,0.03655651716127095,0.03613907954663298,0.035722543807811924,0.035306908541829385,0.034892172261107746,0.0344783333964882,0.03406539030016842,0.03365334124855135,0.033242184445023026,0.03283191802264129
31.416666666666668,0.0332427828693993,0.03293411049367667,0.03101010972566387,0.034102200844132735,0.0353648105427844,0.033969743357655346,0.03366588610872956,0.036104152154100566,0.03772958488049438,0.03772958488049438,0.03772958488049438,0.03772958488049438,0.037808890308592025,0.03738942814442536,0.03697087250240427,0.036553222224972926,0.036136476060677936,0.0357206326674635,0.03530569061586619,0.034891648392127106,0.03447850440121236,0.034066256969752295,0.033654904348891845,0.03324444471706922,0.03283487618270553
31.5,0.033244685504227434,0.03293654948073077,0.03101588369686814,0.034102663741803596,0.03536321222653105,0.0339705686624987,0.03366727029019745,0.03610151306616416,0.0377243366853417,0.0377243366853417,0.0377243366853417,0.0377243366853417,0.037803511356749864,0.03738473658793873,0.03696686930258597,0.03654990831581473,0.036133852349149675,0.035718700033815276,0.03530444991393322,0.03489110044963639,0.03447865002009265,0.03406709692644361,0.033656439394657234,0.03324667557830763,0.032837803561265755
31.583333333333332,0.03324656277016014,0.03293896194039414,0.031021624097972822,0.03410310391731031,0.03536159454037513,0.03397136926457933,0.03366862827110162,0.03609885477287089,0.03771907331535651,0.03771907331535651,0.03771907331535651,0.03771907331535651,0.03779811746835371,0.03738002888433911,0.036962848729943376,0.036546575793031444,0.036131208768171996,0.035716746259938814,0.03530318678611155,0.03489052878079035,0.034478770597422326,0.034067910511741184,0.03365794672462141,0.03324887736485871,0.032840700491861385
31.666666666666668,0.03324841495856656,0.03294134816345018,0.03102733121271628,0.03410352166962438,0.0353599577992203,0.0339721454788704,0.03366996036992864,0.03609617761713313,0.03771379513377471,0.03771379513377471,0.03771379513377471,0.03771379513377471,0.03779270900713105,0.037375305394168334,0.036958811141886594,0.03654322501095675,0.03612854566906032,0.03571477169419235,0.03530190157786395,0.03488993372822069,0.03447886647306819,0.03406869806281576,0.033659426673328774,0.03325105040871246,0.03284356730400151
31.75,0.0332502423572314,0.032943708437158215,0.031033005321747575,0.034103917293899055,0.035358302313768464,0.03397289761635691,0.03367126690118449,0.036093481937225835,0.0377085024987478,0.0377085024987478,0.0377085024987478,0.0377085024987478,0.03778728633170969,0.03737056647295711,0.03695475689090322,0.036539856319092845,0.03612586339839052,0.03571277668028583,0.03530059463009905,0.03488931563009934,0.03447893798253365,0.03406945991257038,0.03366087957115371,0.033253195037786565,0.032846404323221945
31.833333333333332,0.03325204525040304,0.03294604304530013,0.03103864670266554,0.03410429108152235,0.035356628390577516,0.033973625984091704,0.033672548175449624,0.03609076806685141,0.03770319576341352,0.03770319576341352,0.03770319576341352,0.03770319576341352,0.03778184979568877,0.03736581247129389,0.03695068632462717,0.036536470062177084,0.03612316229806356,0.03571076155734709,0.03529926627923485,0.034888674820201304,0.03447898545701844,0.034070196389700325,0.03366230574435769,0.033255311575982605,0.032849211871139206
31.916666666666668,0.03325382391884424,0.0329483522682299,0.031044255630061413,0.034104643320171046,0.0353549363321215,0.0339743308852507,0.03367380449943469,0.03608803633520474,0.037697875275967574,0.037697875275967574,0.037697875275967574,0.037697875275967574,0.037776399747710965,0.03736104373489635,0.03694659978590864,0.036533066580250795,0.03612044270537407,0.03570872665998648,0.03529791685726291,0.03488801162796662,0.03447900922348013,0.034070907818750884,0.03366370551514697,0.03325740034324154,0.032851990265504005
32,0.033255578639879824,0.032950636382920395,0.031049832375557473,0.03410497429386172,0.03535322643684813,0.033975012619186895,0.033675036176033624,0.0360852870670374,0.03769254137973399,0.03769254137973399,0.03769254137973399,0.03769254137973399,0.03777093653153174,0.03735626060468,0.03694249761288049,0.03652964620872523,0.03611770495307298,0.035706672318359445,0.035296546691809816,0.034887326378560735,0.03447900960469252,0.03407159452017616,0.03366507920172879,0.033259461655598566,0.032854739820255885
32.083333333333336,0.033257309687444225,0.032952895663009185,0.031055377207845902,0.034105284283001636,0.03535149899923362,0.033975671481482506,0.033676243504376036,0.036082520582718436,0.03768719441323176,0.03768719441323176,0.03768719441323176,0.03768719441323176,0.037765460486087754,0.03735146341682438,0.03693838013902462,0.03652620927844552,0.03611494936943216,0.035704598858230074,0.03529515610619827,0.034886619392933804,0.03447898691930429,0.034072256810395274,0.033666427118366204,0.033261495825235965,0.032857460845573616
32.166666666666664,0.033259017332127216,0.03295513037884512,0.031060890392728524,0.03410557356443933,0.03534975430984022,0.033976307764002955,0.03367742677988028,0.03607973719829727,0.03768183471024367,0.03768183471024367,0.03768183471024367,0.03768183471024367,0.03775997194556524,0.03734665250284075,0.03693424769323772,0.03652275611575595,0.03611217627830765,0.03570250660103147,0.03529374541950725,0.0348858909878802,0.03447894148189623,0.03407289500184785,0.03366774957543317,0.03326350316053772,0.03286015364792805
32.25,0.03326070184122121,0.032957340797532986,0.031066372193153446,0.034105842411513265,0.03534799265537014,0.0339769217549466,0.033678586294303425,0.036076937225563155,0.03767646259988222,0.03767646259988222,0.03767646259988222,0.03767646259988222,0.03775447123946618,0.03734182818963738,0.036930100599894766,0.03651928704256169,0.03610938599920033,0.03570039586392748,0.0352923149466311,0.03488514147609556,0.03447887360303703,0.03407350940305043,0.03366904687946737,0.03326548396613993,0.03286281853013162
32.333333333333336,0.03326236347876588,0.03295952718297768,0.031071822869253474,0.03410609109410179,0.035346214318720426,0.03397751373889668,0.03367972233579297,0.03607412097210583,0.0376710784066554,0.0376710784066554,0.0376710784066554,0.0376710784066554,0.03774895869267447,0.037336990799583525,0.036925939178913625,0.03651580237639296,0.03610657884731783,0.035698266959871106,0.03529086499833811,0.03488437116623455,0.03447878358934031,0.03407410031864888,0.03367031933322395,0.033267438542983196,0.032865455791388776
32.416666666666664,0.03326400250559258,0.03296168979592773,0.031077242678382522,0.034106319878669966,0.035344419579034225,0.03397808399687019,0.033680835188935276,0.03607128874137344,0.037665682450531035,0.037665682450531035,0.037665682450531035,0.037665682450531035,0.03774343462551899,0.03733214065057311,0.036921763745815905,0.03651230243046366,0.03610375513363384,0.03569612019766377,0.035289395881327845,0.034883580362965905,0.03447867174351793,0.03407466804947301,0.033671567235726396,0.033269367188362375,0.03286806572734524
32.5,0.03326561917936832,0.03296382889401861,0.03108263187515181,0.03410652902831668,0.03534260871175543,0.03397863280636759,0.03368192513480461,0.036068440832730086,0.0376602750469992,0.0376602750469992,0.0376602750469992,0.0376602750469992,0.037737899353838866,0.0373272780560876,0.036917574611788906,0.0365087875137331,0.036100915164946956,0.03569395588201285,0.03528790789828684,0.034882769367028166,0.034478538364434375,0.034075212892588524,0.033672790882318226,0.0332712701959772,0.03287064863013511
32.583333333333336,0.03326721375463837,0.032965944731814245,0.031087990711465174,0.034106718802821234,0.03534078198867796,0.0339791604414208,0.03368299245101203,0.03606557754151307,0.037654856507135515,0.037654856507135515,0.037654856507135515,0.037654856507135515,0.037732353189045,0.0373224033252566,0.036913372083745566,0.036505257930964596,0.03609805924393883,0.035691774313588054,0.03528640134794503,0.03488193847528431,0.03447838374715939,0.03407573514134832,0.033673990564712986,0.03327314785598001,0.03287320478842992
32.666666666666664,0.033268786482870016,0.032968037560849206,0.0310933194365548,0.03410688945868956,0.03533893967799817,0.03397966717264134,0.033684037411751966,0.03606269915908866,0.037649427137662395,0.037649427137662395,0.037649427137662395,0.037649427137662395,0.03772679643818222,0.037317516762918945,0.036909156464385307,0.03650171398278412,0.0360951876692317,0.0356895757890785,0.035284876525129905,0.03488108798077438,0.03447820818302061,0.034076235085443995,0.033675166571043746,0.03327500045502463,0.032875734487484376
32.75,0.033270337612492984,0.03297010762966979,0.03109861829701588,0.03410704124919817,0.0353370820443637,0.03398015326726567,0.033685060287848456,0.036059805972907366,0.0376439872410097,0.0376439872410097,0.0376439872410097,0.0376439872410097,0.037721229403989476,0.03731261866968261,0.03690492805225021,0.036498155965737356,0.03609230073544367,0.03568736060124644,0.03528333372082049,0.03488021817276854,0.034478011959655275,0.03407671301095605,0.03367631918591263,0.03327682827631362,0.032878238009182104
32.833333333333336,0.03327186738894117,0.03297215518387353,0.031103887536839903,0.03410717442443878,0.03533520934892298,0.03398061898920335,0.033686061346801965,0.03605689826655767,0.037638537115373794,0.037638537115373794,0.037638537115373794,0.037638537115373794,0.037715652384959775,0.03730770934198224,0.03690068714178474,0.0364945841723463,0.036089398733245126,0.03568512903898191,0.03528177322220105,0.03487932933681859,0.034477795361059105,0.03407716920040205,0.033677448690437206,0.03327863159964517,0.03288071563208206
32.916666666666664,0.03327337605469327,0.032974180466149416,0.03110912739744842,0.0341072892313623,0.03533332184937321,0.03398106459908057,0.033687040852833805,0.03605397631981977,0.03763307705477614,0.03763307705477614,0.03763307705477614,0.03763307705477614,0.03771006567539925,0.037302789072138465,0.036896434023391045,0.036490998891164805,0.03608648194941244,0.03568288138735709,0.03528019531271176,0.03487842175480926,0.034477558667637576,0.03407760393278614,0.0336785553622998,0.033280410701458596,0.032883167631462484
33,0.03327486384931233,0.032976183716317164,0.031114338117727014,0.03410738591382101,0.03533141980000898,0.033981490354286104,0.03368799906693054,0.036051040408718205,0.03762760734912196,0.03762760734912196,0.03762760734912196,0.03762760734912196,0.03770446956548468,0.037297858148413354,0.036892168983485796,0.036487400406833626,0.0360835506668824,0.03568061792767696,0.0352786002721015,0.03487749570500864,0.03447730215625522,0.03407801748364658,0.03367963947579167,0.033282165854879864,0.03288559427936466
33.083333333333336,0.03327633100948546,0.03297816517136476,0.031119519934056372,0.03410746471261117,0.03532950345176755,0.033981896509014176,0.033688936246888845,0.036048090805573585,0.03762212828425637,0.03762212828425637,0.03762212828425637,0.03762212828425637,0.03769886434132075,0.037292916855067526,0.03688789230455458,0.03648378900013438,0.03608060516480438,0.035678338937532805,0.03527698837647786,0.03487655146211699,0.03447702610028203,0.03407841012510282,0.03368070130186096,0.033283897329766,0.032887995844636864
33.166666666666664,0.033277777769062045,0.03298012506548753,0.031124673080345167,0.03410752586551502,0.03532757305227596,0.03398228331430864,0.033689852647356355,0.036045127779053,0.03761664014201971,0.03761664014201971,0.03761664014201971,0.03761664014201971,0.037693250284995816,0.037287965472414974,0.036883604265206094,0.03648016494804196,0.03607764571859251,0.03567604469085195,0.03527535989835684,0.03487558929731582,0.03447673076964275,0.03407878212590143,0.03368174110815647,0.03328560539274883,0.032890372592976336
33.25,0.03327920435909193,0.03298206363012435,0.031129797788061575,0.03410756960734029,0.03532562884589718,0.033982651018105825,0.03369074851987697,0.03604215159422064,0.03761114320030434,0.03761114320030434,0.03761114320030434,0.03761114320030434,0.03768762767463807,0.037283004276876586,0.03687930514022564,0.03647652852377736,0.03607467259997743,0.03567373545794861,0.0352737151067124,0.03487460947831522,0.034476416430862855,0.03407913375146232,0.033682759159072484,0.03328729030727873,0.03289272478697125
33.333333333333336,0.03328061100786339,0.03298398109399492,0.031134894286263926,0.034107596169962395,0.03532367107377299,0.033982999865274977,0.03369162411292992,0.036039162512587763,0.037605637733107544,0.037605637733107544,0.037605637733107544,0.037605637733107544,0.03768199678446904,0.03727803354103565,0.03687499520062798,0.03647287999686011,0.0360716860770558,0.03567141150557296,0.03527205426702418,0.034873612269402665,0.03447608334711494,0.03407946526392269,0.03368375571579252,0.0332889523336668,0.032895052686142456
33.416666666666664,0.03328199794093911,0.03298587768313599,0.031139962801631782,0.034107605782362604,0.03532169997386947,0.033983330097661524,0.033692479671972864,0.03603616079215999,0.037600124010585434,0.037600124010585434,0.037600124010585434,0.037600124010585434,0.03767635788485735,0.037273053533687595,0.03687067471370775,0.03646921963315641,0.03606868641434069,0.03566907309695999,0.03527037764132568,0.034872597931487004,0.03447573177826313,0.03407977692218256,0.03368473103633196,0.03329059172912596,0.03289735654698367
33.5,0.033283365381193475,0.032987753620936866,0.0311450035584957,0.034107598670667816,0.03531971578102033,0.03398364195412662,0.033693315439481175,0.036033146687486806,0.037594602299106494,0.037594602299106494,0.037594602299106494,0.037594602299106494,0.03767071124237331,0.03726806451989528,0.03686634394309252,0.03646554769493249,0.03606567387281112,0.035666720491877246,0.03526868548825024,0.03487156672214686,0.0344753619809095,0.034080068981947376,0.033685685375581365,0.03329220874781402,0.032899636623002326
33.583333333333336,0.0332847135488481,0.032989609128173836,0.031150016778867196,0.034107575058188955,0.03531771872696887,0.03398393567058755,0.03369413165498858,0.036030120449707104,0.03758907286130131,0.03758907286130131,0.03758907286130131,0.03758907286130131,0.03766505711983803,0.03726306676103719,0.036862003148790734,0.03646186444090049,0.03606264870995868,0.03566435394667189,0.03526697806307855,0.034870518895673275,0.03447497420843648,0.03408034169577068,0.033686618985347305,0.03329380364087209,0.032901893164757556
33.666666666666664,0.033286042661506476,0.03299144442304591,0.031155002682467625,0.0341075351654585,0.035315709040410814,0.033984211480057036,0.033694928555126014,0.036027082326596904,0.037583535956116076,0.037583535956116076,0.037583535956116076,0.037583535956116076,0.03765939577637645,0.03725806051485958,0.03685765258724305,0.036458170126269396,0.036059611179835915,0.03566197371431756,0.035265255617782154,0.03486945470311631,0.03447456871105059,0.034080595313097595,0.033687532114394125,0.033295376656466535,0.03290412641990059
33.75,0.033287352934189496,0.0329932597212077,0.03115996148675726,0.03410747921026891,0.03531368694703496,0.03398446961268253,0.03369570637366048,0.036024032562615105,0.03757799183886146,0.03757799183886146,0.03757799183886146,0.03757799183886146,0.0376537274674682,0.037253046035525594,0.03685329251136915,0.03645446500279137,0.03605656153310366,0.03565958004445968,0.03526351840107056,0.03486837439232682,0.034474145735825745,0.034080830080304825,0.03368842500848368,0.03329692803982698,0.032906336633212296
33.833333333333336,0.03328864457936942,0.032995055235803594,0.031164893406963712,0.03410740740770768,0.03531165266956471,0.03398471029578398,0.033696465341533255,0.036020971398947665,0.03757244076126298,0.03757244076126298,0.03757244076126298,0.03757244076126298,0.03764805244499603,0.03724802357366319,0.0368489231706175,0.03645074931880932,0.036053500017075635,0.03565717318346118,0.035261766658432725,0.03486727820800106,0.03447370552674456,0.03408104624074304,0.033689297910416194,0.033298458033286016,0.032908524046640686
33.916666666666664,0.03328991780700341,0.03299683117750085,0.031169798656109693,0.03410731997019534,0.03530960642779846,0.03398493375389244,0.033697205686896936,0.036017899073552684,0.03756688297150901,0.03756688297150901,0.03756688297150901,0.03756688297150901,0.037642370957295945,0.037242993376415345,0.03684454481101129,0.036447023319303495,0.03605042687576532,0.03565475337444601,0.03526000063218304,0.03486616639172224,0.03447324832474008,0.03408124403477597,0.03369015106006912,0.033299966876316534,0.032910688899338236
34,0.03329117282456684,0.032998587754521136,0.031174677445040766,0.034107217107519405,0.03530754843864781,0.03398514020878585,0.033697927635153224,0.036014815821203916,0.037561318714299574,0.037561318714299574,0.037561318714299574,0.037561318714299574,0.03763668324920455,0.03723795568748489,0.03684015767519555,0.03644328724593571,0.036047342349929234,0.0356523208573436,0.03525822056150196,0.03486503918200201,0.03447277436773599,0.034081423699821256,0.0336909846944351,0.03330145480557056,0.03291283142769874
34.083333333333336,0.0332924098370857,0.033000325172673595,0.031179529982451992,0.034107099026871035,0.035305478916178634,0.03398532987952696,0.03369863140898888,0.03601172187353452,0.03755574823089369,0.03755574823089369,0.03755574823089369,0.03755574823089369,0.03763098956210742,0.0372329107471836,0.0368357620024824,0.03643954133709637,0.03604424667711226,0.035649875868931646,0.03525642668247975,0.03486389681432289,0.034472283890687905,0.034081585470389086,0.033691799047661286,0.03330292205491503,0.03291495186539328
34.166666666666664,0.03329362904716948,0.03300204363538595,0.031184356474915464,0.03410696593287854,0.03530339807164773,0.033985502982498694,0.03369931722841124,0.03600861745907791,0.03755017175915554,0.03755017175915554,0.03755017175915554,0.03755017175915554,0.03762529013398552,0.037227858792476365,0.036831358028897254,0.03643578582794649,0.036041140091689794,0.035647418642878126,0.0352546192281562,0.03486273952117758,0.03447177712562177,0.03408172957812017,0.033692594351086624,0.033304368855468836,0.03291705044340487
34.25,0.033294830655041796,0.03300374334373535,0.031189157126906064,0.034106818027641816,0.03530130611354099,0.03398565973143963,0.033699985310783775,0.03600550280331127,0.03754458953360085,0.03754458953360085,0.03754458953360085,0.03754458953360085,0.03761958519946096,0.03722280005702738,0.03682694598722169,0.03643202095046294,0.03603802282491131,0.03564494940978413,0.03525279842856355,0.034861567532108895,0.03447125430167319,0.03408185625182503,0.03369337083327806,0.03330579543563972,0.03291912739006464
34.333333333333336,0.03329601485857259,0.03300542449647925,0.03119393214082722,0.034106655510766526,0.03529920324761138,0.033985800337479555,0.033700635870861806,0.03600237812869578,0.03753900178544245,0.03753900178544245,0.03753900178544245,0.03753900178544245,0.037613874989843143,0.03721773477124479,0.036822526107038955,0.03642824693348112,0.036034895104942066,0.03564246839722407,0.03525096451076504,0.034860381073750446,0.03447071564512627,0.034081965717520424,0.03369412872006783,0.033307202021158,0.03292118293108537
34.416666666666664,0.03329718185330899,0.03300708729008628,0.031198681717037546,0.03410647857939608,0.035297089676915805,0.03398592500917297,0.033701269120825605,0.035999243654718294,0.03753340874263511,0.03753340874263511,0.03753340874263511,0.03753340874263511,0.037608159733173885,0.03721266316232463,0.03681809861477636,0.03642446400273647,0.036031757156904876,0.03563997582978673,0.03524911769889583,0.03485918036986346,0.034470161379450914,0.034082058198466214,0.03369486823458856,0.03330858883511256,0.032923217289595685
34.5,0.03329833183250419,0.03300873191876352,0.031203406053874394,0.03410628742824451,0.035294965601849526,0.033986033952533745,0.033701885270313925,0.03599609959792849,0.0375278106299175,0.0375278106299175,0.0375278106299175,0.0375278106299175,0.03760243965426957,0.0372075854542937,0.036813663733746615,0.036420672380906405,0.03602860920291984,0.035637471929114595,0.035247258214200494,0.034857965641376554,0.03446959172533992,0.034082133915202206,0.03369558959730967,0.03330995609798548,0.03292523068617359
34.583333333333336,0.0332994649871492,0.033010358574488974,0.03120810534768048,0.03410608224962974,0.03529283122018456,0.033986127371068875,0.033702484526459076,0.03599294617198279,0.03752220766885905,0.03752220766885905,0.03752220766885905,0.03752220766885905,0.0375967149747678,0.03720250186805307,0.03680922168419265,0.03641687228765278,0.03602545146214675,0.035634956913944915,0.03524538627507412,0.034856737106422564,0.0344690069007465,0.03408219308558391,0.033696293026071356,0.033311304027684674,0.03292722333887932
34.666666666666664,0.033300581506001015,0.033011967447037716,0.031212779792826773,0.034105863233503175,0.03529068672710145,0.03398620546581044,0.033703067093918015,0.03598978358767857,0.03751660007789992,0.03751660007789992,0.03751660007789992,0.03751660007789992,0.0375909859131669,0.03719741262141918,0.036804772683325826,0.03641306393966004,0.036022284150822204,0.0356324310001459,0.035243502097096924,0.034855494980375434,0.034468407120919586,0.03408223592481674,0.03369697873611921,0.03331263283957897,0.032929195463287764
34.75,0.03330168157561175,0.033013558724011904,0.031217429581737788,0.03410563056748228,0.03528853231522677,0.033986268435348244,0.033703633174904546,0.03598661205299525,0.03751098807239295,0.03751098807239295,0.03751098807239295,0.03751098807239295,0.03758525268487034,0.037192317929165775,0.03680031694536767,0.03640924755067676,0.03601910748229997,0.03562989440075692,0.035241605893074235,0.03485423947588706,0.03446779259843935,0.03408226264549241,0.03369764694013777,0.033313942746529435,0.03293114727252
34.833333333333336,0.033302765380357924,0.03301513259086852,0.031222054904914698,0.03410538443688127,0.03528636817466624,0.03398631647586314,0.033704182969223284,0.035983431773131125,0.03750537186464786,0.03750537186464786,0.03750537186464786,0.03750537186464786,0.03757951550222827,0.03718721800306568,0.03679585468159163,0.0364054233315545,0.03601592166709011,0.03562734732602557,0.03523969787307246,0.03485297080292371,0.03446716354325363,0.034082273457621826,0.033698297848284486,0.03331523395892266,0.03293307897727571
34.916666666666664,0.03330383310246776,0.033016689230945584,0.03122665595095908,0.03410512502474061,0.035284194493037546,0.03398634978115633,0.033704716674298085,0.035980242950540475,0.03749975166396924,0.03749975166396924,0.03749975166396924,0.03749975166396924,0.03757377457457678,0.0371821130519292,0.0367913861003597,0.03640159149028599,0.03601272691289514,0.03562478998344498,0.03523777824445484,0.03485168916880044,0.03446652016271057,0.03408226856866903,0.03369893166822169,0.03331650668470254,0.03293499078586337
35,0.03330488492204986,0.03301822882549166,0.031231232906595574,0.034104852511857464,0.035282011455504136,0.033986368542682666,0.03370523448520535,0.035977045784970185,0.03749412767669846,0.03749412767669846,0.03749412767669846,0.03749412767669846,0.03756803010828058,0.037177003281645415,0.03678691140716395,0.03639775223204489,0.03600952342464936,0.03562222257779002,0.03523584721191786,0.03485039477821639,0.03446586266159457,0.034082248183585184,0.0336995486051499,0.03331776112940177,0.03293688290423158
35.083333333333336,0.03330592101711871,0.03301975155369008,0.031235785956695405,0.03410456707681453,0.03527981924480805,0.03398637294957951,0.033705736594703106,0.0359738404734955,0.037488500106252154,0.037488500106252154,0.037488500106252154,0.037488500106252154,0.037562282306770944,0.03717188889521994,0.036782430804662036,0.03639390575922041,0.03600631140455368,0.0356196453111528,0.0352339049775261,0.03484908783328988,0.03446519124215852,0.034082212504840115,0.0337001488618387,0.03331899749617273,0.0329387555359979
35.166666666666664,0.033306941563624015,0.033021257592687814,0.031240315284297715,0.03410426889600915,0.03527761804130103,0.033986363188697855,0.033706223193261,0.03597062721055577,0.03748286915316257,0.03748286915316257,0.03748286915316257,0.03748286915316257,0.0375565313705859,0.03716677009281444,0.03677794449271832,0.03639005227145775,0.03600309105211341,0.03561705838297957,0.035231951740747336,0.03484776853359128,0.0344645061041573,0.03408216173245582,0.03370073263865914,0.033320215985817914,0.032940608882480404
35.25,0.03330794673547577,0.03302274711761943,0.03124482107063331,0.03410395814368239,0.035275408022978016,0.03398633944463181,0.03370669446909136,0.035967406187990214,0.03747723501511602,0.03747723501511602,0.03747723501511602,0.03747723501511602,0.03755077749740954,0.03716164707178504,0.036773452668438456,0.03638619196569226,0.035999862564173535,0.035614461990105095,0.03522998769848629,0.03484643707617696,0.034463807444880645,0.034082096064037115,0.03370130013361372,0.03332141679682055,0.03294244314272543
35.333333333333336,0.033308936704570025,0.033024220301633544,0.03124930349514443,0.03410363499194591,0.03527318936550561,0.03398630189974705,0.033707150608176084,0.035964177595070534,0.03747159788698884,0.03747159788698884,0.03747159788698884,0.03747159788698884,0.03754502088210754,0.03715652002671721,0.03676895552620696,0.03638232503618588,0.035996626134953136,0.035611856326786206,0.0352280130451188,0.03484509365562194,0.034463095459185134,0.0340820156948034,0.03370185154236727,0.03332260012537347,0.03294425851353644
35.416666666666664,0.03330991164081598,0.033025677315918545,0.03125376273550762,0.0341032996108106,0.035270962242255566,0.033986250734211465,0.03370759179429683,0.03596094161853669,0.03746595796088803,0.03746595796088803,0.03746595796088803,0.03746595796088803,0.037539261716768024,0.037151389149465475,0.03676445325772382,0.03637845167456355,0.035993381956081816,0.035609241584736884,0.035226027972524054,0.034843738464052976,0.03446237033952548,0.03408192081761996,0.03370238705827755,0.03332376616540933,0.032946055189504
35.5,0.03331087171216063,0.03302711832972638,0.03125819896765458,0.03410295216821391,0.03526872682433324,0.033986186126021556,0.03370801820906366,0.035957698442629527,0.03746031542618544,0.03746031542618544,0.03746031542618544,0.03746031542618544,0.037533500190736646,0.03714625462918897,0.03675994605203958,0.036374572069846955,0.03599013021663211,0.03560661795316156,0.03522403267011898,0.03484237169117965,0.03446163227598609,0.0340818116230277,0.033702906872424165,0.03332491510862856,0.03294783336303153
35.583333333333336,0.033311817084613615,0.0330285435103983,0.03126261236579331,0.03410259283004602,0.03526648328060844,0.03398610825103243,0.03370843003194146,0.03595444824912408,0.03745467046955597,0.03745467046955597,0.03745467046955597,0.03745467046955597,0.037527736490652996,0.037141116652386064,0.03675543409559068,0.036370686408489616,0.035986871103154794,0.03560398561878797,0.03522202732488866,0.03484099352432657,0.0344608814563121,0.034081688299273605,0.033703411173638065,0.03332604714452825,0.03294959322436508
35.666666666666664,0.03331274792227279,0.03302995302338774,0.031267003102428026,0.03410222176017719,0.035264231777744515,0.03398601728298356,0.033708827440278366,0.03595119121736179,0.03744902327501243,0.03744902327501243,0.03744902327501243,0.03744902327501243,0.037521970800487914,0.037135975402931454,0.036750917572234476,0.03636679487441086,0.03598360479971108,0.03560134476589938,0.035220012121419675,0.034839604148463765,0.034460118065938516,0.03408155103234023,0.033703900148529975,0.03332716246042988,0.03295133496161906
35.75,0.03331366438734662,0.03303134703228494,0.03127137134837987,0.03410183912048281,0.035261972480226556,0.03398591339352697,0.03370921060933263,0.035947927524282663,0.0374433740239406,0.0374433740239406,0.0374433740239406,0.0374433740239406,0.03751620330157701,0.03713083106210879,0.036746396663281944,0.03636289764902845,0.035980331487904804,0.035598695576366746,0.03521798724193048,0.03483820374623803,0.03445934228802172,0.03408140000597415,0.03370437398151971,0.03332826124150756,0.032953058760803344
35.833333333333336,0.03331456664018062,0.03303272569884075,0.03127571727280709,0.03410144507087054,0.03525970555039182,0.03398579675225455,0.03370957971229993,0.03594465734445729,0.03743772289513547,0.03743772289513547,0.03743772289513547,0.03743772289513547,0.03751043417265776,0.03712568380864756,0.03674187154753317,0.036358994911292575,0.035977051346916866,0.03559603822968116,0.035215952866302525,0.034836792498002644,0.03445855430346767,0.03408123540171548,0.03370483285486259,0.03332934367081397,0.032954764805850134
35.916666666666664,0.033315454839279335,0.033034089182989,0.03128004104322413,0.03410103976930379,0.03525743114845592,0.03398566752672316,0.03370993492033825,0.035941380850117666,0.037432070064833844,0.037432070064833844,0.037432070064833844,0.037432070064833844,0.0375046635899019,0.03712053381875502,0.03673734240130955,0.036355086837718265,0.03597376455353518,0.03559337290298337,0.03521390917211065,0.034835370581846936,0.03445775429096143,0.03408105739892586,0.03370527694867853,0.03333040992930836,0.03295645327863994
36,0.03331632914133009,0.0330354376428692,0.03128434282552184,0.03410062337182884,0.035255149432542154,0.03398552588248194,0.033710276402595385,0.03593809821118765,0.03742641570674987,0.03742641570674987,0.03742641570674987,0.03742641570674987,0.03749889172695098,0.03711538126614955,0.03673280939848622,0.03635117360241624,0.03597047128218622,0.03559069977109641,0.035211856334653735,0.03483393817362601,0.034456942426995374,0.03408086617481665,0.033705706440978256,0.033331460195882734,0.03295812435902645
36.083333333333336,0.03331718970122566,0.03303677123485027,0.031288622783986586,0.03410019603259817,0.03525286055870791,0.033985371983096924,0.03371060432623363,0.03593480959531359,0.03742075999210681,0.03742075999210681,0.03742075999210681,0.03742075999210681,0.037493118754948984,0.03711022632209526,0.03672827271052492,0.03634725537712624,0.03596717170496677,0.03558801900655384,0.03520979452698314,0.03483249544698985,0.03445611888589828,0.034080661904475784,0.03370612150769059,0.03333249464738719,0.0329597782248634
36.166666666666664,0.033318036672087104,0.033038090113550744,0.031292881081318,0.03409975790389441,0.03525056468097132,0.03398520599017707,0.03371091885645505,0.03593151516789406,0.037415103089671,0.037415103089671,0.037415103089671,0.037415103089671,0.03748734484257543,0.03710506915543155,0.03672373250650529,0.036343332331246536,0.03596386599167367,0.035585330779630775,0.03520772391993221,0.03483104257341063,0.03445528383986152,0.03408044476089489,0.033706522322688004,0.033333513458656316,0.032961415052027654
36.25,0.0333188702052869,0.03303939443186321,0.031297117878649416,0.034099309136155886,0.0352482619513399,0.03398502806339998,0.03371122015652639,0.035928215092109195,0.03740944516578448,0.03740944516578448,0.03740944516578448,0.03740944516578448,0.03748157015607867,0.037099909932608144,0.036719188953156845,0.03633940463186591,0.03596055430983469,0.035582635258373685,0.035205644682146486,0.034829579722212234,0.03445443745896859,0.03408021491499724,0.033706909057813705,0.03333451680253452,0.03296303501444542
36.333333333333336,0.0333196904504689,0.03304068434097318,0.031301333335565173,0.03409884987799816,0.0352459525198332,0.0339848383605339,0.0337115083878039,0.03592490952894978,0.03740378638439523,0.03740378638439523,0.03740378638439523,0.03740378638439523,0.03747579485930608,0.03709474881771402,0.036714642214888515,0.03633547244379276,0.03595723682473673,0.03557993260862791,0.03520355698010902,0.03482810706059669,0.03445357991121978,0.034079972535662195,0.03370728188290695,0.03333550484990022,0.03296463828411578
36.416666666666664,0.03332049755557187,0.03304195999038173,0.0313055276101184,0.03409838027623935,0.03524363653451257,0.03398463703746479,0.03371178370975669,0.035921598637245644,0.0373981269070911,0.0373981269070911,0.0373981269070911,0.0373981269070911,0.03747001911373804,0.037089585972509775,0.03671009245382084,0.03633153592958571,0.03595391369945622,0.035577222994067625,0.03520146097817167,0.0348266247536726,0.034452711362561006,0.03407971778975227,0.03370764096582768,0.03333647776969162,0.03296622503113422
36.5,0.033321291666850605,0.03304322152792705,0.03130970085885032,0.03409790047592165,0.03524131414150422,0.03398442424821879,0.0337120462799918,0.035918282573694116,0.03739246689312914,0.03739246689312914,0.03739246689312914,0.03739246689312914,0.03746424307851748,0.03708442155645808,0.03670553982981417,0.036327595249582956,0.03595058509488824,0.035574506576223186,0.035199356838579776,0.03482513296448064,0.034451831976908265,0.03407945084213937,0.03370798647248208,0.03333743572893,0.032967795423717305
36.583333333333336,0.03332207292889544,0.0330444690998033,0.031313853236806244,0.03409741062033422,0.035238985485024354,0.033984200144986376,0.033712296254276186,0.035914961492887754,0.03738680649946691,0.03738680649946691,0.03738680649946691,0.03738680649946691,0.03745846691048116,0.037079255726753635,0.03670098450049997,0.036323650561930654,0.03594725116977293,0.03557178351450907,0.03519724472150165,0.03482363185402182,0.03445094191617448,0.03407917185572806,0.03370831856684764,0.033338378892743714,0.03296934962822484
36.666666666666664,0.03332284148465536,0.03304570285058239,0.03131798489755422,0.03409691085103583,0.03523665070740489,0.03398396487814459,0.033712533786560916,0.035911635547341,0.03738114588079222,0.03738114588079222,0.03738114588079222,0.03738114588079222,0.03745269076419011,0.03707408863835271,0.03669642662130812,0.03631970202261203,0.03594391208072567,0.03556905396625121,0.03519512478505327,0.03482212158128184,0.034450041340294835,0.03407888099148226,0.03370863741099561,0.033339307424392395,0.03297088780918345
36.75,0.03332359747545666,0.03304692292323397,0.03132209599320146,0.034096401307877056,0.03523430994911769,0.03398371859628169,0.033712759029003614,0.03590830488751906,0.037375485189554025,0.037375485189554025,0.037375485189554025,0.037375485189554025,0.037446914791959385,0.037068920444002895,0.036691866345498036,0.036315749785476026,0.03594056798226375,0.03556631808671473,0.0351929971853262,0.03482060230325823,0.03444913040725184,0.03407857840844897,0.03370894316511697,0.03334022148528959,0.03297241012930874
36.833333333333336,0.03332434104102355,0.033048129459143816,0.03132618667441145,0.034095882129020705,0.03523196334879786,0.033983461446217555,0.03371297213199065,0.03590496966186185,0.03736982457599014,0.03736982457599014,0.03736982457599014,0.03736982457599014,0.037441139143886915,0.037063751294271974,0.03668730382418439,0.036311794002263476,0.035937219026833,0.035563576029129074,0.03519086207641253,0.034819074174984976,0.034448209273100217,0.03407826426378224,0.033709235987544606,0.03334112123502586,0.032973916749527765
36.916666666666664,0.03332507231949844,0.03304932259813542,0.03133025709042081,0.03409535345096404,0.03522961104326816,0.03398319357302815,0.03371317324416001,0.035901630016812014,0.03736416418815769,0.03736416418815769,0.03736416418815769,0.03736416418815769,0.03743536396788372,0.03705858133757545,0.036682739206366666,0.036307834822635776,0.03593386536483534,0.03556082794471549,0.035188719610431685,0.034817537349557615,0.034447278091990885,0.034077938712767875,0.03370951603477712,0.033342006831391435,0.032975407829001435
37,0.03332579144746162,0.03305050247848751,0.03133430738905596,0.03409481540856074,0.035227253167562145,0.033982915120065904,0.03371336251242241,0.03589828609684109,0.03735850417196063,0.03735850417196063,0.03735850417196063,0.03735850417196063,0.03742958940970165,0.037053410720206514,0.036678172638956674,0.036303872394201964,0.0359305071446554,0.03555807398271216,0.035186569937554646,0.03481599197815832,0.034446337016195816,0.03407760190884579,0.03370978346150122,0.033342878430398626,0.03297688352514516
37.083333333333336,0.033326498559950624,0.03305166923695446,0.03133833771674843,0.03409426813504002,0.03522488985494765,0.03398262622898218,0.033713540081983906,0.03589493804447397,0.037352844671179275,0.037352844671179275,0.037352844671179275,0.037352844671179275,0.037423815612962485,0.037048239586362275,0.03667360426680566,0.03629990686254514,0.03592714451268608,0.03555531429040082,0.03518441320602905,0.03481443821008012,0.03444538619613158,0.03407725400363404,0.03371003842061526,0.033343736186303596,0.032978343993651515
37.166666666666664,0.03332719379047777,0.033052823008783205,0.031342348218551974,0.03409371176202791,0.035222521236948356,0.03398232703974813,0.03371370609636548,0.035891586000313946,0.03734718582749541,0.03734718582749541,0.03734718582749541,0.03734718582749541,0.03741804271918436,0.03704306807817148,0.036669034232729825,0.03629593837124734,0.03592377761335386,0.035552549013129875,0.03518224956220428,0.03481287619275064,0.034444425780382204,0.03407689514695145,0.03371028106325036,0.033344580251627676,0.032979789388509984
37.25,0.033327877271051465,0.03305396392773341,0.031346339038157645,0.034093146419567066,0.0352201474433671,0.033982017690676214,0.03371386069742566,0.03588823010306874,0.03734152778052291,0.03734152778052291,0.03734152778052291,0.03734152778052291,0.037412270867810404,0.03703789633572119,0.036664462677538534,0.03629196706191795,0.03592040658914497,0.03554977829434125,0.03518007915055521,0.03481130607175609,0.034443455915722954,0.03407652548684004,0.03371051153879279,0.033345410777179785,0.03298121986202873
37.333333333333336,0.03332854913219352,0.03305509212609481,0.03135031031790936,0.03409257223613782,0.03521776860230896,0.033981698318440445,0.03371400402538027,0.035884870489573784,0.037335870667832616,0.037335870667832616,0.037335870667832616,0.037335870667832616,0.03740650019623626,0.037032724497084724,0.03665988974005985,0.03628799307421726,0.035917031580630754,0.03554700227559393,0.03517790211370686,0.03480972799086435,0.034442476747142514,0.03407614516958746,0.03371072999490621,0.0333462279120762,0.03298263556485459
37.416666666666664,0.0333292095029567,0.03305620773470519,0.031354262198820315,0.034091989338675965,0.035215384840200814,0.03398136905809768,0.033714136218823354,0.035881507294817094,0.03733021462497965,0.03733021462497965,0.03733021462497965,0.03733021462497965,0.037400730839835195,0.03702755269834568,0.03665531555716561,0.03628401654588265,0.03591365272649094,0.03554422109658795,0.035175718592456384,0.03480814209204852,0.03444148841786654,0.03407575433974808,0.033710936577552086,0.03334703180376253,0.0329840366459937
37.5,0.03332985851094428,0.03305731088296837,0.03135819482058655,0.034091397852594074,0.03521299628181396,0.03398103004310671,0.03371425741474621,0.035878140651962376,0.03732455978552918,0.03732455978552918,0.03732455978552918,0.03732455978552918,0.03739496293198585,0.037022381073625654,0.036650740263797,0.036280037612752336,0.03591027016353876,0.03554143489518835,0.035173528725798375,0.034806548515508684,0.03444049106937852,0.034075353140166076,0.03371113143101123,0.03334782259803304,0.03298542325283038
37.583333333333336,0.03333049628232665,0.03305840169887109,0.03136210832160313,0.034090797901798586,0.035210603050286116,0.03398068140534871,0.03371436774855874,0.03587477069237299,0.03731890628108303,0.03731890628108303,0.03731890628108303,0.03731890628108303,0.03738919660409712,0.03701720975510847,0.03664616399299003,0.03627605640879161,0.03590688402674469,0.035538643807448755,0.035171332650946185,0.034804947399695196,0.03443948484144199,0.034074941711995654,0.03371131469790489,0.03334860043905197,0.03298679553114803
37.666666666666664,0.03333112294185958,0.033059480309000966,0.03136600283897861,0.034090189608710464,0.035208205267140524,0.03398032327514744,0.03371446735410788,0.035871397545635064,0.03731325424130483,0.03731325424130483,0.03731325424130483,0.03731325424130483,0.03738343198563521,0.037012038873066144,0.03664158687589958,0.03627207306611502,0.03590349444926044,0.035535847967634426,0.03516913050335524,0.03480333888133025,0.034438469872122734,0.0340745201947219,0.03371148651921407,0.03334936546937284,0.0329881536251484
37.75,0.03333173861290106,0.033060546838562965,0.031369878508549,0.03408957309428273,0.03520580305230858,0.033979955781287874,0.03371455636369736,0.035868021339580336,0.03730760379394571,0.03730760379394571,0.03730760379394571,0.03730760379394571,0.03737766920414742,0.037006868555883754,0.03663700904182465,0.03626808771501189,0.03590010156244228,0.035533047508244486,0.035166922416744795,0.03480172309543006,0.03443744629780987,0.03407408872618256,0.03371164703430107,0.033350117829958226,0.032989497677469615
37.833333333333336,0.0333323434174293,0.03306160141139647,0.031373735464893526,0.03408894847801913,0.0352033965241485,0.0339795790510351,0.033714634908106555,0.03586464220030816,0.03730195506486811,0.03730195506486811,0.03730195506486811,0.03730195506486811,0.037371908385288144,0.03700169893008276,0.03663243061823063,0.03626410048396833,0.035896705495873205,0.03553024256003612,0.03516470852312126,0.034800100175325754,0.034436414253235625,0.03407364744258734,0.033711796380928805,0.03335085766019885,0.03299082782920637
37.916666666666664,0.03333293747605759,0.03306264414999127,0.03137757384134687,0.03408831587799166,0.035200985799465734,0.03397919321015386,0.03371470311660918,0.03586126025220793,0.037296308178070836,0.037296308178070836,0.037296308178070836,0.037296308178070836,0.03736614965284235,0.036996530120346316,0.03662785173077476,0.03626011149969144,0.0358933063773863,0.035527433252044105,0.03516248895279794,0.03479847025268512,0.034435373871497754,0.034073196478539014,0.03371193469528033,0.033351585097933345,0.032992144219927244
38,0.033333520908053194,0.03306367517550424,0.03138139377001492,0.03408767541085944,0.03519857099353385,0.03397879838292672,0.03371476111699212,0.03585787561798148,0.03729066325571373,0.03729066325571373,0.03729066325571373,0.03729066325571373,0.03736039312875139,0.03699136224954258,0.0366232725033282,0.036256120887131704,0.035889904333087586,0.035524619711605254,0.03516026383441817,0.03479683345753304,0.034434325284078415,0.034072735967052736,0.03371206211197797,0.033352300279466895,0.03299344698769402
38.083333333333336,0.03333409383135266,0.0330646946077755,0.031385195381787634,0.034087027191885166,0.0351961522201123,0.033978394692172786,0.03371480903557322,0.03585448841866401,0.037285020418140746,0.037285020418140746,0.037285020418140746,0.037285020418140746,0.03735463893313562,0.03698619543874826,0.03661869305799992,0.0362521287695059,0.03588649948737688,0.035521802064378605,0.0351580332949748,0.03479518991827302,0.03443326862086549,0.03407226603957558,0.03371217876410326,0.03335300333958946,0.03299473626907967
38.166666666666664,0.033334656362577375,0.033065702565344024,0.031388978806353274,0.03408637133495307,0.03519372959146705,0.03397798225926496,0.033714846997219494,0.035851098773646006,0.037279379783904165,0.037279379783904165,0.037279379783904165,0.037279379783904165,0.03734888718431817,0.03698102980727169,0.03661411351515875,0.036248135268318604,0.03588309196297046,0.03551898043436674,0.03515579745983266,0.03479353976170563,0.03443220401017166,0.03407178682600631,0.03371228478321542,0.03335369441159419,0.03299601219918591
38.25,0.03333520861705086,0.03306669916546312,0.03139274417221061,0.03408570795258581,0.035191303218389036,0.03397756120414863,0.03371487512536486,0.035847706800692825,0.03727374146978657,0.03727374146978657,0.03727374146978657,0.03727374146978657,0.03734313799884892,0.03697586547267573,0.03660953399345557,0.03624414050338465,0.03587968188092172,0.03551615494393734,0.03515355645274809,0.0347918831130507,0.03443113157875399,0.034071298454713794,0.033712380299369515,0.03335437362729632,0.03299727491166071
38.333333333333336,0.03333575070881323,0.03306768452411646,0.03139649160668401,0.03408503715596134,0.03518887321021236,0.03397713164535876,0.03371489354202817,0.035844312615967544,0.03726810559082505,0.03726810559082505,0.03726810559082505,0.03726810559082505,0.037337391491526484,0.036970702550799706,0.03660495460984636,0.03624014459285063,0.03587626936064314,0.03551332571384336,0.0351513103958887,0.03479022009596555,0.03443005145183364,0.03407080105255722,0.03371246544113515,0.03335504111705001,0.03299852453871566
38.416666666666664,0.03333628275063805,0.03306865875603293,0.03140022123593522,0.03408435905492979,0.035186439674833814,0.0339766937000372,0.03371490236782915,0.035840916334049844,0.037262472260333857,0.037262472260333857,0.037262472260333857,0.037262472260333857,0.03733164777542197,0.03696554115578321,0.036600375479613145,0.03623614765321692,0.03587285451992739,0.0355104928632437,0.03514905940985513,0.0347885508325656,0.034428963753114994,0.03407029474490275,0.033712540335615104,0.033355697009766594,0.03299976121114412
38.5,0.033336804854045665,0.03306962197470087,0.03140393318497603,0.03408367375802923,0.03518400271873001,0.03397624748395045,0.033714901722007085,0.03583751806795621,0.037256841589924816,0.037256841589924816,0.037256841589924816,0.037256841589924816,0.03732590696189986,0.03696038140008562,0.036595796716385465,0.03623214979935674,0.035869437474966404,0.03550765650972321,0.035146803613698374,0.03478687544344261,0.03442786860480318,0.034069779655643284,0.033712605108461746,0.033356341432931425,0.033000985058336596
38.583333333333336,0.033337317129320754,0.03307057429238447,0.03140762757768267,0.03408298137250276,0.03518156244697623,0.03397579311150545,0.033714891722436136,0.0358341179291608,0.03725121368953177,0.03725121368953177,0.03725121368953177,0.03725121368953177,0.03732016916064196,0.036955223394510295,0.036591218432162176,0.036228151144539256,0.035866018340373174,0.035504816769313274,0.03514454312494131,0.03478519404768421,0.03442676612762474,0.03406925590721599,0.03371265988389638,0.03335697451262187,0.03300219620829847
38.666666666666664,0.03333781968552518,0.03307151582013734,0.03141130453680674,0.034082282004313624,0.035179118963263534,0.033975330695767525,0.033714872485642866,0.03583071602761412,0.03724558866743011,0.03724558866743011,0.03724558866743011,0.03724558866743011,0.037314434479667646,0.03695006724822392,0.036586640737331866,0.03622415180044847,0.035862597229201265,0.0355019737565101,0.03514227805959691,0.034783506762892547,0.03442565644084361,0.03406872362062008,0.03371270478472521,0.03335759637352331,0.033003394787665785
38.75,0.033338312630513345,0.033072446667816724,0.03141496418398848,0.0340815757581614,0.03517667236991606,0.0339748603484753,0.033714844126822685,0.03582731247176252,0.037239966630259635,0.037239966630259635,0.037239966630259635,0.037239966630259635,0.03730870302535494,0.03694491306877845,0.036582063740693505,0.036220151877204065,0.03585917425296459,0.035499127584295076,0.03514000853218646,0.034781813705202724,0.03442453966228087,0.03406818291543434,0.03371273993235735,0.033358207138946216,0.033004580921722315
38.833333333333336,0.033338796070947474,0.03307336694409835,0.03141860663976814,0.03408086273749711,0.03517422276790927,0.033974382180058216,0.033714806759855165,0.035823907368567554,0.037234347683044344,0.037234347683044344,0.037234347683044344,0.037234347683044344,0.03730297490246359,0.03693976096213136,0.03657748754947643,0.0362161514833812,0.03585574952165649,0.03549627836415303,0.035137734655759756,0.034780114989301,0.03442341590833187,0.03406763390983514,0.033712765446821,0.03335880693084281,0.03300575473441447
38.916666666666664,0.033339270112310304,0.03307427675649022,0.03142223202359995,0.034080143044539435,0.03517177025688589,0.03397389629965186,0.03371476049732047,0.03582050082352484,0.03722873192921483,0.03722873192921483,0.03722873192921483,0.03722873192921483,0.037297250214153976,0.03693461103266671,0.03657291226936166,0.03621215072603001,0.03585232314377018,0.035493426206092415,0.03513545654191219,0.03477841072844279,0.03442228529398328,0.034067076720612155,0.033712781446780804,0.03335939586982328,0.03300691634836839
39,0.03333973485892128,0.03307517621134659,0.03142584045386165,0.03407941678028936,0.03516931493517306,0.03397340281511396,0.03371470545051536,0.03581709294068225,0.03722311947062762,0.03722311947062762,0.03722311947062762,0.03722311947062762,0.037291529062009277,0.036929463383215344,0.0365683380045001,0.036208149710695636,0.03584889522631651,0.035490571218662614,0.03513317430080409,0.03477670103447017,0.03442114793283135,0.03406651146318729,0.03371278804955424,0.033359974075170884,0.03300806588490457
39.083333333333336,0.03334019041394809,0.033076065413881084,0.03142943204786808,0.03407868404454395,0.035166856899798926,0.03397290183304014,0.03371464172946803,0.03581368382265859,0.037217510407585586,0.037217510407585586,0.037217510407585586,0.037217510407585586,0.03728581154605459,0.03692431811507402,0.036563764857533654,0.03620414854143594,0.03584546587484305,0.035487713508972174,0.035130888041177366,0.034774986017830134,0.034420003937098764,0.03406593825162907,0.03371278537112721,0.03336054166485969,0.03300920346405323
39.166666666666664,0.033340636879422236,0.03307694446818066,0.03143300692188222,0.034077944935912985,0.03516439624650891,0.033972393458777894,0.03371456944295348,0.035810273570661355,0.0372119048388575,0.0372119048388575,0.0372119048388575,0.0372119048388575,0.037280097764777365,0.03691917532802558,0.036559192929612294,0.03620014732084176,0.035842035193452304,0.03548485318270789,0.03512859787037348,0.034773265787590324,0.034418853417650386,0.03406535719867043,0.033712773526170636,0.0333610987555677,0.03301032920457048
39.25,0.03334107435625233,0.033077813477219165,0.03143656519112614,0.03407719955183253,0.0351619330697821,0.033971877796444394,0.033714488698509903,0.03580686228450469,0.037206302861700014,0.037206302861700014,0.037206302861700014,0.037206302861700014,0.03727438781514758,0.03691403512035851,0.036554622320416064,0.03619614615005551,0.03583860328482125,0.03548199034415234,0.035126303894351896,0.03477154045145814,0.03441769648401172,0.03406476841572559,0.03371275262805651,0.03336164546269438,0.033011443223951886
39.333333333333336,0.03334150294423588,0.03307867254286956,0.0314401069697936,0.034076447988578895,0.03515946746284615,0.03397135494893844,0.03371439960245093,0.035803450062627196,0.03720070457187319,0.03720070457187319,0.03720070457187319,0.03720070457187319,0.03726868179263643,0.036908897588885825,0.036550053128170834,0.0361921451287881,0.03583517025021732,0.035479125096200104,0.03512400621770584,0.03476981011579561,0.03441653324438376,0.03406417201290357,0.033712722788872274,0.0333621819003751,0.03301254563844891
39.416666666666664,0.033341922742075036,0.033079521765917885,0.03144363237105985,0.03407569034128355,0.035156999517694576,0.033970825017957784,0.03371430225988359,0.03580003700210921,0.037195110063663606,0.037195110063663606,0.037195110063663606,0.037195110063663606,0.03726297979123672,0.036903762828964126,0.03654548544966896,0.0361881443553389,0.035831736189517516,0.03547625754037753,0.03512170494368072,0.034768074885636935,0.034415363805659904,0.034063568099026664,0.03371268411943773,0.03336270818149556,0.03301363656308176
39.5,0.03334233384738727,0.03308036124607505,0.0314471415070936,0.03407492670394663,0.03515452932510055,0.03397028810401159,0.03371419677471965,0.03579662319868926,0.037189519429900786,0.037189519429900786,0.037189519429900786,0.037189519429900786,0.037257281903480655,0.03689863093451162,0.03654091938028636,0.0361841439266124,0.03582830120122571,0.0354733877768576,0.035119400174189463,0.03476633486470493,0.03441418827344167,0.03406295678164439,0.033712636729319456,0.03336322441770734,0.03301471611165474
39.583333333333336,0.033342736356719804,0.033081191081989925,0.031450634489067486,0.03407415716945028,0.03515205697463264,0.03396974430643618,0.03371408324969227,0.0357932087467816,0.037183932761976735,0.037183932761976735,0.037183932761976735,0.037183932761976735,0.03725158822045893,0.036893501998027656,0.036536355014000765,0.036180143938135734,0.0358248653824893,0.03547051590447814,0.035117092009829376,0.03476459015542632,0.03441300675205472,0.03406233816704973,0.033712580726845465,0.033363730719441875,0.03301578439677111
39.666666666666664,0.03334313036556136,0.033082011371262654,0.03145411142716936,0.034073381829573535,0.035149582554671266,0.033969193723408786,0.03371396178636887,0.03578979373949376,0.03717835014986437,0.03717835014986437,0.03717835014986437,0.03717835014986437,0.037245898831840485,0.0368883761106098,0.036531792443410316,0.0361761444840778,0.03582142882911721,0.03546764202075847,0.03511478054989969,0.034762840858949096,0.034411819344564165,0.03406171236029354,0.03371251621912097,0.0333642271959258,0.0330168415298453
39.75,0.033343515968355275,0.033082822210454665,0.03145757243061187,0.03407260077500407,0.035147106152421115,0.033968636451961354,0.033713832485165574,0.03578637826864073,0.03717277168213573,0.03717277168213573,0.03717277168213573,0.03717277168213573,0.03724021382588871,0.03688325336197207,0.03652723175974959,0.03617214565726368,0.035817991635595625,0.03546476622191452,0.03511246589241579,0.03476108707515668,0.03441062615278989,0.03406107946519987,0.033712443312041485,0.033364713955194025,0.03301788762111846
39.833333333333336,0.0333438932585115,0.033083623695103315,0.03146101760764419,0.03407181409535287,0.035144627853928245,0.03396807258799428,0.033713695445360736,0.0357829624247632,0.03716719744597974,0.03716719744597974,0.03716719744597974,0.03716719744597974,0.037234533289480565,0.0368781338404629,0.03652267305290824,0.036168147549194396,0.03581455389510557,0.03546188860287702,0.035110148134126495,0.03475932890268418,0.034409427277321436,0.0340604395843811,0.033712362110309035,0.03336519110410485,0.033018922779671334
39.916666666666664,0.03334426232841903,0.033084415919732546,0.03146444706556206,0.03407102187916644,0.035142147744092744,0.033967502226290414,0.03371355076510829,0.03577954629714308,0.03716162752722019,0.03716162752722019,0.03716162752722019,0.03716162752722019,0.037228857308124974,0.03687301763308248,0.03651811641144764,0.03616415025006159,0.035811115699538876,0.035459009257306384,0.035107827370528755,0.03475756643893391,0.034408222817534195,0.034059792819251866,0.033712272717445035,0.0333656587483524,0.03301994711343759
40,0.03334462326945653,0.03308519897786377,0.03146786091071663,0.03407022421393924,0.03513966590668294,0.03396692546052815,0.03371339854145172,0.03577612997381774,0.03715606201033217,0.03715606201033217,0.03715606201033217,0.03715606201033217,0.037223185965977956,0.03686790482549851,0.0365135619226169,0.03616015384876481,0.035807677139513716,0.0354561282776078,0.03510550369588383,0.034755799780090024,0.034407012871602305,0.03405913927004356,0.0337121752358045,0.03336611699248193,0.03302096072921734
40.083333333333336,0.03334497617200749,0.033085972962030086,0.03147125924852712,0.0340694211861281,0.0351371824243516,0.03396634238329499,0.033713238870336726,0.03577271354159883,0.0371505009784614,0.0371505009784614,0.0371505009784614,0.0371505009784614,0.03721751934586348,0.03686279550206639,0.03650900967237103,0.036156158432927965,0.03580423830439172,0.03545324575494879,0.03510317720323197,0.03475402902113345,0.03440579753651418,0.034058479035819156,0.03371206976659091,0.03336656593990228,0.03302196373269095
40.166666666666664,0.03334532112546795,0.03308673796378536,0.031474642183488166,0.034068612881162474,0.03513469737864705,0.03396575308609995,0.03371307184662453,0.03576929708608412,0.03714494451343886,0.03714494451343886,0.03714494451343886,0.03714494451343886,0.03721185752928746,0.03685768974584214,0.036504459745386075,0.036152164088915084,0.03580079928229263,0.03545036177927274,0.035100847984407935,0.03475225425585671,0.0344045769080874,0.03405781221448656,0.033711956409868016,0.03336700569289941,0.03302295622843032
40.25,0.03334565821826163,0.03308749407371736,0.03147800981918203,0.034067799383459496,0.0351322108500296,0.03396515765938779,0.033712897564105226,0.035765880691675855,0.03713939269580013,0.03713939269580013,0.03713939269580013,0.03713939269580013,0.03720620059645663,0.03685258763860233,0.03649991222507665,0.03614817090184674,0.035797360160110925,0.03544747643931534,0.03509851613005588,0.03475047557687905,0.0344033510809818,0.03405713890281237,0.03371183526457511,0.03336743635264949,0.03302393831991379
40.333333333333336,0.03334598753784812,0.033088241381456385,0.03148136225828635,0.03406698077643289,0.03512972291788197,0.03396455619255012,0.033712716115508634,0.03576246444159281,0.037133845604799154,0.037133845604799154,0.037133845604799154,0.037133845604799154,0.037200548626293184,0.03684748926085746,0.03649536719360946,0.03614417895561406,0.03579392102352985,0.03544458982261878,0.035096181729642684,0.03474869307565909,0.03440212014871369,0.034056459196436295,0.03371170642853927,0.03336785801923181,0.03302491010953701
40.416666666666664,0.033346309170736665,0.033088979975689714,0.031484699602584376,0.034066157142507825,0.03512723366052528,0.033963948773938935,0.03371252759251897,0.03575904841788713,0.037128303318426426,0.037128303318426426,0.037128303318426426,0.037128303318426426,0.03719490169645279,0.03684239469187012,0.03649082473192178,0.03614018833289645,0.03579048195703738,0.03544170201554664,0.0350938448714746,0.034746906842510805,0.03440088420367027,0.0340557731898834,0.0337115699984889,0.03336827079164206,0.03302587169862603
40.5,0.03334662320249615,0.033089709944170265,0.03148802195297562,0.03406532856313205,0.03512474315523173,0.03396333549087904,0.033712332085786834,0.03575563270145832,0.03712276591342545,0.03712276591342545,0.03712276591342545,0.03712276591342545,0.037189259883340986,0.03683730400967078,0.036486284919736045,0.036136199115175405,0.035787043043941535,0.035438813103298994,0.035091505642709686,0.03474511696661642,0.03439964333712253,0.0340550809765785,0.03371142607006661,0.03336867476780414,0.03302682318744998
40.583333333333336,0.033346929717766205,0.03309043137372769,0.031491329409483404,0.03406449511878673,0.03512225147823633,0.03396271642968007,0.03371212968493986,0.03575221737206746,0.03711723346530671,0.03711723346530671,0.03711723346530671,0.03711723346530671,0.03718362326212765,0.036832217291071334,0.03648174783557434,0.0361322113827498,0.03578360436638328,0.035435923169926165,0.03508916412937313,0.03474332353604015,0.034398397639239464,0.03405438264885907,0.033711274737841856,0.03336907004458367,0.03302776467523261
40.666666666666664,0.033347228800267636,0.03309114435027949,0.0314946220712653,0.034063656888998706,0.035119758704750925,0.033962091675648454,0.033711920478596724,0.03574880250835166,0.03711170604836567,0.03711170604836567,0.03711170604836567,0.03711170604836567,0.037177991906764296,0.03682713461168352,0.0364772135567748,0.036128225214750564,0.03578016600535361,0.035433032298343825,0.035086820416370124,0.034741526637742215,0.03439714719910025,0.034053678297987444,0.033711116095323845,0.033369456717798895,0.033028696260164914
40.75,0.03334752053281442,0.033091848958840986,0.031497900036622006,0.03406281395235222,0.035117264908976376,0.03396146131309963,0.03371170455437755,0.03574538818783801,0.03710618373569674,0.03710618373569674,0.03710618373569674,0.03710618373569674,0.03717236588999828,0.036822056045931806,0.03647268215950561,0.03612424068915576,0.03577672804070575,0.03543014057034588,0.0350844745875003,0.03473972635759237,0.0343958921047085,0.03405296801416435,0.033710950234973724,0.03336983488223444,0.03302961803941584
40.833333333333336,0.03334780499732237,0.03309254528353622,0.031501163403005794,0.03406196638649939,0.03511477016411524,0.03396082542536982,0.033711481998916604,0.03574197448695693,0.037100666599208854,0.037100666599208854,0.037100666599208854,0.037100666599208854,0.03716674528338926,0.03681698166707004,0.03646815371878054,0.03612025788280504,0.03577329055117029,0.0354272480666189,0.03508212672547062,0.034737922780382346,0.034394632443004,0.034052251886541374,0.03371077724821703,0.033370204631651745,0.033030530109145584
40.916666666666664,0.03334808227482111,0.033093233407607725,0.03150441226703027,0.034061114268172155,0.03511227454238397,0.03396018409482693,0.03371125289787358,0.035738561481057474,0.03709515470964164,0.03709515470964164,0.03709515470964164,0.03709515470964164,0.03716113015732403,0.03681191154719521,0.03646362830847316,0.03611627687141383,0.03576985361436913,0.0354243548667561,0.03507977691191,0.03473611598983961,0.034393368299876936,0.034051530003233355,0.03371059722545611,0.0333705660588024,0.03303143256451557
41,0.03334835244546386,0.033093913413426934,0.03150764672447859,0.03406025767319276,0.035109778115025136,0.03395953740288338,0.033711017335944726,0.03573514924441823,0.03708964813657856,0.03708964813657856,0.03708964813657856,0.03708964813657856,0.03715552058103144,0.036806845757262785,0.036459106001331065,0.03611229772958646,0.03576641730682906,0.03542146104927024,0.03507742522738089,0.03473430606864003,0.03439209976017876,0.03405080245133041,0.033710410256081236,0.03337091925543856,0.03303232549970092
41.083333333333336,0.03334861558853719,0.033094585382504205,0.03151086687031279,0.034059396676485054,0.03510728095231941,0.03395888543000636,0.03371077539687439,0.035731737850262846,0.03708414694846307,0.03708414694846307,0.03708414694846307,0.03708414694846307,0.03714991662259681,0.03680178436710113,0.03645458686899028,0.036108320530831906,0.0357629817039955,0.03541856669160737,0.03507507175139346,0.034732493098420525,0.03439082690773598,0.03405006931691057,0.033710216428483486,0.03337126431232518,0.0330332090079013
41.166666666666664,0.03334887178247148,0.03309524939549768,0.03151407279868135,0.034058531352084254,0.03510478312359733,0.03395822825572914,0.033710527163466786,0.03572832737077225,0.03707865121261289,0.03707865121261289,0.03707865121261289,0.03707865121261289,0.037144318348977245,0.0367967274454255,0.03645007098198905,0.036104345347575784,0.03575954688024563,0.035415671870159704,0.035072716562417616,0.034730677159791945,0.03438954982536191,0.034049330685051116,0.03371001583006561,0.0333716013192511,0.03303408318135137
41.25,0.033349121104850665,0.033095905532224634,0.031517264602928474,0.034057661773148507,0.03510228469725174,0.03395756595866262,0.0337102727175953,0.03572491787709775,0.0370731609952335,0.0370731609952335,0.0370731609952335,0.0370731609952335,0.037138725826015184,0.03679167505985226,0.036445558409782475,0.03610037225117524,0.035756112908901905,0.035412776660278755,0.03507035973789652,0.03472885833235062,0.034388268594868876,0.03404858663984123,0.03370980854725403,0.03337193036504038,0.03303494811133345
41.333333333333336,0.0333493636324218,0.033096553871669654,0.03152044237560214,0.034056788011968875,0.03509978574074757,0.033956898616505304,0.03371001214021563,0.03572150943937369,0.037067676361433266,0.037067676361433266,0.037067676361433266,0.037067676361433266,0.037133139118453284,0.036786627276913064,0.03644104922075453,0.03609640131193115,0.03575267986224562,0.035409881136287735,0.03506800135425836,0.034727036694692126,0.034386983297079565,0.03404783726439242,0.033709594665509934,0.033372251537563846,0.033035803888186166
41.416666666666664,0.03334959944110549,0.03309719449199511,0.03152360620846273,0.03405591013998022,0.03509728632063558,0.033956226306055326,0.0337097455113744,0.0357181021267301,0.037062197375237194,0.037062197375237194,0.037062197375237194,0.037062197375237194,0.03712755828994885,0.036781584162068226,0.03643654348223335,0.03609243259910211,0.03574924781152866,0.035406985371495114,0.035065641486929255,0.03472521232442127,0.03438569401184033,0.0340470826408521,0.033709374269341064,0.03337256492374907,0.033036650601316886
41.5,0.03334982860600455,0.03309782747054979,0.031526756192490346,0.03405502822777007,0.0350947865025617,0.03395554910321996,0.03370947291022097,0.03571469600730559,0.0370567240996007,0.0370567240996007,0.0370567240996007,0.0370567240996007,0.03712198340308581,0.03677654577972089,0.03643204126050348,0.03608846618091732,0.035745816826987076,0.03540408943820594,0.035063280210344994,0.0347233852981661,0.034384400818030736,0.03404632285041198,0.033709147442311904,0.03337287060959215,0.033037488339211274
41.583333333333336,0.0333500512014131,0.03309845288387847,0.03152989241789439,0.034054142345089966,0.035092286351279034,0.03395486708302653,0.03370919441501763,0.035711291148258884,0.03705125659642228,0.03705125659642228,0.03705125659642228,0.03705125659642228,0.03711641451939074,0.03677151219322905,0.03642754262081893,0.0360845021245888,0.035742386977853924,0.03540119340773473,0.0350609175979637,0.034721555691588524,0.034383103793576675,0.03404555797332254,0.033708914267055246,0.03337316868016771,0.033038317189444166
41.666666666666664,0.03335026730082724,0.03309907080773078,0.03153301497411953,0.034053252560864555,0.03508978593065892,0.03395418031963282,0.033708910103150025,0.03570788761578192,0.03704579492655924,0.03704579492655924,0.03704579492655924,0.03704579492655924,0.03711085169934458,0.036766483464921285,0.036423047627417215,0.036080540496325586,0.03573895833237062,0.03539829735041833,0.03505855372227695,0.03471972357939568,0.034381803015461676,0.034044788088901434,0.03370867482528328,0.033373459219639745,0.033039137238689786
41.75,0.033350476976953036,0.03309968131707053,0.03153612394985528,0.03405235894320202,0.03508728530370098,0.03395348888633731,0.03370862005113673,0.03570448547511118,0.03704033914983795,0.03704033914983795,0.03704033914983795,0.03704033914983795,0.0371052950023969,0.036761459656106776,0.03641855634352997,0.036076581361344395,0.03573553095780024,0.03539540133562613,0.03505618865482196,0.034717889035352334,0.034380498559736905,0.03404401327554596,0.033708429197797596,0.0333737423112721,0.03303994857273129
41.833333333333336,0.03335068030171584,0.033100284486084375,0.031539219433043275,0.034051461559403196,0.0350847845325446,0.03395279285558872,0.03370832433463988,0.03570108479053946,0.03703488932506982,0.03703488932506982,0.03703488932506982,0.03703488932506982,0.0370997444869785,0.03675644082709062,0.036414068831398305,0.03607262478388318,0.03573210492043932,0.03539250543177386,0.035053822466193374,0.034716052132291564,0.034379190501533374,0.034043233610743684,0.03370817746449961,0.03337401803743889,0.0330407512764721
41.916666666666664,0.0333508773462694,0.0331008803881907,0.031542301510884,0.034050560475971325,0.03508228367847943,0.033952092298997094,0.03370802302847542,0.03569768562542808,0.037029445510062375,0.037029445510062375,0.037029445510062375,0.037029445510062375,0.03709420021051524,0.03675142703718537,0.03640958515228365,0.03606867082721332,0.035728680285629366,0.035389609706333536,0.03505145522605413,0.03471421294212629,0.03437787891507216,0.034042449171082456,0.0337079197044019,0.03337428647963381,0.03304154543394433
42,0.033351068181004306,0.033101469096048275,0.03154537026984605,0.03404965575862118,0.03507978280195467,0.03395138728734226,0.03370771620662194,0.03569428804221775,0.037024007761632394,0.037024007761632394,0.037024007761632394,0.037024007761632394,0.03708866222943907,0.03674641834472325,0.03640510536647956,0.03606471955365054,0.03572525711776908,0.03538671422584683,0.035049087003146795,0.03471237153585971,0.034376563873675936,0.03404166003226128,0.033707655995637964,0.03337454771848125,0.03304233112831967
42.083333333333336,0.03335125287555751,0.03310205068156491,0.03154842579567241,0.03404874747228903,0.03507728196259152,0.03395067789058448,0.03370740394223115,0.035690892102440586,0.037018576135618986,0.037018576135618986,0.037018576135618986,0.037018576135618986,0.03708313059920321,0.03674141480707038,0.03640062953332568,0.036060771024568616,0.03572183548032637,0.03538381905593457,0.035046717865305554,0.034710527983597306,0.034375245449778546,0.03404086626910119,0.033707386415471996,0.03337480183374564,0.033043108441918045
42.166666666666664,0.03335143149881992,0.033102625215905235,0.031551468173388164,0.034047835681141336,0.03507478121919072,0.03394996417787377,0.03370708630763675,0.03568749786673142,0.03701315068689581,0.03701315068689581,0.03701315068689581,0.03701315068689581,0.03707760537429228,0.03673641648063675,0.03639615771121796,0.036056825300409656,0.03571841543584875,0.035380924261309454,0.03504434787946642,0.03470868235455593,0.03437392371493675,0.03404006795555459,0.03370711104030932,0.033375048904340954,0.03304387745621806
42.25,0.033351604118945,0.0331031927694998,0.031554497487307875,0.03404692044858337,0.03507228062974499,0.03394924621755924,0.03370676337436462,0.035684105394837795,0.037007731469383076,0.037007731469383076,0.037007731469383076,0.037007731469383076,0.03707208660823613,0.03673142342088931,0.03639168995762132,0.036052882440696266,0.03571499704597558,0.03537802990578642,0.03504197711167789,0.03470683471707625,0.034372598739839555,0.03403926516471634,0.033706829945706396,0.03337528900834119,0.03304463825186632
42.333333333333336,0.03335177080335838,0.033103753412053516,0.031557513821043104,0.034046001837269246,0.035069780251447025,0.03394852407719884,0.033706435213142205,0.035680714745632613,0.03700231853605995,0.03700231853605995,0.03700231853605995,0.03700231853605995,0.03706657435362137,0.03672643568236489,0.03638722632908187,0.03604894250404289,0.03571158037144917,0.03537513605229381,0.0350396056271125,0.03470498513863185,0.0343712705943191,0.03403845796883287,0.033706543206380335,0.03337552222298923,0.03304539090868586
42.416666666666664,0.033351931618764485,0.033104307212552975,0.03156051725750908,0.0340450799091101,0.035067280140700374,0.03394779782356783,0.03370610189390644,0.035677325977123475,0.036996911938976806,0.036996911938976806,0.036996911938976806,0.036996911938976806,0.03706106866210335,0.03672145331867993,0.036382766881237094,0.036045005548167586,0.03570816547212585,0.03537224276288442,0.03503723349007659,0.03470313368584055,0.03436993934736021,0.03403764643931306,0.03370625089621848,0.033375748624705937,0.033046135505686136
42.5,0.03335208663115563,0.03310485423927423,0.03156350787893136,0.03404415472528233,0.035064780353128766,0.03394706752266852,0.033705763485814,0.03567393914646355,0.036991511729265625,0.036991511729265625,0.036991511729265625,0.036991511729265625,0.03705556958441836,0.036716476382543384,0.03637831166882788,0.036041071629901555,0.03570475240698623,0.03536935009874531,0.035034860764021625,0.03470128042447351,0.034368605067111035,0.03403683064673668,0.033705953088288165,0.03337596828910061,0.03304687212107171
42.583333333333336,0.033352235905819816,0.033105394559792556,0.0315664857668545,0.034043226346237354,0.03506228094358521,0.03394633323973917,0.03370542005725019,0.035670554309963576,0.03698611795715423,0.03698611795715423,0.03698611795715423,0.03698611795715423,0.03705007717039499,0.03671150492576869,0.036373860745710695,0.036037140805202705,0.0357013412341467,0.035366458120209776,0.03503248751155397,0.03469942541946702,0.03436726782089283,0.03403601066086548,0.033705649854846254,0.03337618129097941,0.033047600832252
42.666666666666664,0.03335237950734915,0.03310592824098846,0.03156945100214714,0.034042294831709174,0.03505978196616266,0.03394559503926309,0.03370507167583758,0.035667171523100505,0.03698073067197516,0.03698073067197516,0.03698073067197516,0.03698073067197516,0.037044591468966326,0.036706538999283556,0.036369414164867386,0.03603321312916452,0.03569793201087035,0.03536356688676667,0.03503011379444443,0.03469756873493024,0.03436592767520885,0.03403518655065163,0.03370534126734759,0.03337638770435358,0.03304832171584837
42.75,0.03335251749964696,0.03310645534905565,0.031572403665009574,0.03404136024072302,0.03505728347420134,0.03394485298497618,0.03370471840844447,0.0356637908405284,0.03697534992217877,0.03697534992217877,0.03697534992217877,0.03697534992217877,0.03703911252818015,0.036701578653142386,0.03636497197841604,0.03602928865602717,0.035694524793576266,0.03536067645707042,0.03502773967363981,0.0346957104341572,0.034364584695754985,0.03403435838424729,0.03370502739645498,0.03337658760245077,0.03304903484770483
42.833333333333336,0.03335264994593601,0.03310697594950973,0.031575343834980396,0.034040422631604006,0.035054785520299614,0.03394410713987739,0.03370436032119395,0.03566041231608885,0.03696997575534322,0.03696997575534322,0.03696997575534322,0.03696997575534322,0.0370336403952114,0.03669662393653672,0.0363605342376232,0.03602536743918883,0.0356911196378511,0.03535778688895275,0.0350253652092718,0.03469385057963503,0.034363238947428654,0.034033526229014344,0.03370470831204875,0.03337678105772102,0.033049740302895314
42.916666666666664,0.03335277690876648,0.03310749010719505,0.031578271590943174,0.034039482061984705,0.03505228815632244,0.03394335756623579,0.03370399747947239,0.035657036002820997,0.036964608218187145,0.036964608218187145,0.036964608218187145,0.036964608218187145,0.037028175116372575,0.03669167489780678,0.03635610099291342,0.036021449531215444,0.03568771659845882,0.035354898239431165,0.03502299046066715,0.03469198923305439,0.034361890494338576,0.03403269015153332,0.03370438408323384,0.033376968141847874,0.03305043815573305
43,0.03335289845002243,0.033107997886291596,0.031581187011133105,0.03403853858881378,0.035049791433409805,0.033942604325600145,0.03370362994793763,0.035653661952970817,0.036959247356579183,0.036959247356579183,0.036959247356579183,0.036959247356579183,0.03702271673712554,0.036686731584451016,0.036351672293880144,0.03601753498385163,0.03568431572935049,0.03535201056471937,0.03502061548635682,0.034690126455318104,0.03436053939981343,0.03403185021761246,0.03370405477835048,0.033377148925755495,0.03305112847977831
43.083333333333336,0.033353014630930655,0.03310849935032345,0.03158409017314345,0.03403759226836356,0.03504729540198648,0.03394184747880624,0.03370325779052741,0.03565029021800159,0.036953893215549094,0.036953893215549094,0.036953893215549094,0.036953893215549094,0.03701726530209104,0.036681794043138316,0.03634724818929569,0.036013623848029974,0.03568091708367538,0.03534912392023748,0.035018240344086626,0.03468826230655164,0.034359185726412056,0.03403100649229618,0.033703720464981934,0.03337732347961797,0.03305181134784663
43.166666666666664,0.033353125512067594,0.03310899456216543,0.03158698115393177,0.034036643156238,0.0350448001117698,0.033941087085985755,0.03370288107046804,0.035646920848603214,0.03694854583929885,0.03694854583929885,0.03694854583929885,0.03694854583929885,0.03701182085506094,0.03667686231971756,0.03634282872712258,0.03600971617388238,0.03567752071378938,0.035346238360620896,0.03501586509082566,0.03468639684611152,0.03435782953593103,0.034030159039874386,0.033703381209963634,0.033377491872867315,0.033052486832018335
43.25,0.03335323115336597,0.03310948358405019,0.03158986002982633,0.03403569130738071,0.03504230561177857,0.03394032320657425,0.03370249985028129,0.03564355389470153,0.036943205271212864,0.036943205271212864,0.036943205271212864,0.036943205271212864,0.037006383439007084,0.036671936459227394,0.03633841395452264,0.036005812010748706,0.03567412667126568,0.035343353939730315,0.035013489782776075,0.034684530132594205,0.03435647088941485,0.03402930792389158,0.03370303707939115,0.033377654174201465,0.033053155003644585
43.333333333333336,0.033353331614122794,0.033109966477576025,0.031592726876532806,0.034034736776082264,0.03503981195034256,0.03393955589931941,0.03370211419179414,0.035640189405468314,0.03693787155386863,0.03693787155386863,0.03693787155386863,0.03693787155386863,0.03700095309609397,0.03666701650590798,0.03633400391786745,0.03600191140718767,0.03567073500690454,0.035340470710661265,0.035011114475381966,0.034682662223846306,0.03435510984716439,0.03402845320715464,0.03370268813862909,0.033377810451593826,0.03305381593335732
43.416666666666664,0.03335342695300625,0.03311044330371282,0.03159558176913979,0.03403377961598841,0.035037319175108994,0.033938785222288326,0.03370172415614481,0.03563682742932972,0.036932544729046723,0.036932544729046723,0.036932544729046723,0.036932544729046723,0.03699552986768673,0.036662102503210336,0.03632959866274854,0.03599801441098571,0.03566734577074171,0.03533758872575299,0.035008739223339136,0.03468079317697259,0.034353746468744895,0.03402759495174146,0.03370233445231885,0.03337796077229993,0.03305446969107595
43.5,0.03335351722806257,0.033110914122809865,0.031598424782125045,0.03403281988010676,0.035034827333052077,0.033938011232875764,0.03370132980379248,0.03563346801397671,0.0369272248377408,0.0369272248377408,0.0369272248377408,0.0369272248377408,0.03699011379436268,0.03665719449380567,0.0363251982339865,0.035994121069166995,0.035663959012058655,0.03533470803659755,0.035006364080603536,0.03467892304834397,0.0343523808129953,0.03402673321900984,0.03370197608438752,0.03337810520286588,0.03305511634601577
43.583333333333336,0.033353602496723145,0.03311137899460226,0.031601255989362365,0.03403185762081451,0.03503233647048121,0.03393723398781212,0.03370093119452333,0.035630111206372383,0.03692191192016825,0.03692191192016825,0.03692191192016825,0.03692191192016825,0.036984704915920874,0.03665229251959645,0.036320802675641195,0.03599023142800295,0.03566057477939233,0.03533182869404983,0.035003989100399924,0.03467705189360837,0.03435101293803711,0.03402586806960528,0.033701613098055194,0.033378243809136565,0.033055755966694855
43.666666666666664,0.03335368281581186,0.033111837978217595,0.03160407546412647,0.03403089288986605,0.035029846633048534,0.033936453543170764,0.03370052838745918,0.035626757052762414,0.036916606015779285,0.036916606015779285,0.036916606015779285,0.036916606015779285,0.03697930327139298,0.036647396621725115,0.03631641203102087,0.0359863455330216,0.03565719312054294,0.03532895074823528,0.03500161433523119,0.034675179767697184,0.034349642901281285,0.034024999563469605,0.033701245555844306,0.0333783766562632,0.03305638862094318
43.75,0.0333537582415504,0.03311229113218328,0.03160688327909944,0.0340299257383998,0.03502735786575695,0.03393566995437558,0.03370012144106482,0.03562340559868349,0.036911307163267404,0.036911307163267404,0.036911307163267404,0.036911307163267404,0.03697390889905128,0.03664250684058468,0.03631202634269215,0.03598246342901623,0.035653814082583946,0.03532607424855927,0.03499923983688702,0.03467330672483482,0.03434827075943825,0.03402412775984831,0.03370087351958517,0.033378503808711324,0.03305701437590858
43.833333333333336,0.033353828829566945,0.03311273851443208,0.03160967950637672,0.034028956216945794,0.03502487021296852,0.03393488327620853,0.033699710413155115,0.03562005688897174,0.03690601540057914,0.03690601540057914,0.03690601540057914,0.03690601540057914,0.036968521836419965,0.036637623215826975,0.036307645652488674,0.03597858516005559,0.03565043771187071,0.03532319924371663,0.03499686565645166,0.03467143281854712,0.034346896568524965,0.03402325271729967,0.03370049705042644,0.03337862533026792,0.033057633298065214
43.916666666666664,0.033353894634901016,0.033113180182309465,0.031612464217472214,0.034027984375432085,0.035022383718411376,0.033934093562816736,0.03369929536090299,0.03561671096777097,0.03690073076492206,0.03690073076492206,0.03690073076492206,0.03690073076492206,0.03696314212028384,0.0366327457863731,0.03630327000152067,0.035974710769491214,0.03564706405404894,0.03532032578169808,0.034994491844313025,0.03466955810166872,0.03434552038387295,0.0340223744937016,0.03370011620884106,0.03337874128404916,0.033058245453220225
44,0.03335395571201105,0.0331136161925798,0.031615237483324954,0.0340270102631921,0.0350198984251886,0.033933300867720506,0.03369887634084612,0.03561336787854219,0.03689545329277655,0.03689545329277655,0.03689545329277655,0.03689545329277655,0.03695776978669807,0.03662787459042205,0.03629889943018383,0.03597084029996833,0.03564369315406446,0.035317453909801566,0.03499211845017114,0.034667682626352336,0.034344142260136934,0.034021493146259685,0.03369973105463453,0.03337885173250821,0.03305885090652172
44.083333333333336,0.03335401211478084,0.03311404660143258,0.031617999374303984,0.03402603392897152,0.03501741437578443,0.03393250524381908,0.03369845340889421,0.0356100276640714,0.0368901830199031,0.0368901830199031,0.0368901830199031,0.0368901830199031,0.03695240487099771,0.036623009665460504,0.03629453397816884,0.03596697379343272,0.03564032505617076,0.03531458367463847,0.03498974552304568,0.034665806444075686,0.03434276225130195,0.03402060873151558,0.033699341646951764,0.033378956737441845,0.03305944972246522
44.166666666666664,0.033354063896525066,0.03311447146448865,0.031620749960214134,0.0340250554209347,0.03501493161207225,0.03393170674339974,0.03369802662033616,0.03560669036647801,0.03688491998135213,0.03688491998135213,0.03688491998135213,0.03688491998135213,0.03694704740780641,0.0366181510482706,0.03629017368446896,0.03596311129114094,0.03563695980393722,0.035311715122142484,0.03498737311128508,0.034663929605650345,0.03434138041069246,0.034019721305353245,0.03369894804428619,0.033379056359998716,0.0330600419649012
44.25,0.033354111109996865,0.033114890836807076,0.031623489310301345,0.03402407478667224,0.03501245017532306,0.0339309054181427,0.03369759602984712,0.035603356027222643,0.036879664211473706,0.036879664211473706,0.036879664211473706,0.036879664211473706,0.03694169743104547,0.03661329877494057,0.03628581858739022,0.035959252833667854,0.03563359744025929,0.03530884829757874,0.03498500126257342,0.034662052161229306,0.03433999679097788,0.03401883092300828,0.033698550304484876,0.03337915066068531,0.03306062769704221
44.333333333333336,0.033354153807392706,0.03311530477289004,0.03162621749325911,0.03402309207320653,0.03500997010621121,0.03393010131912977,0.033697161691495836,0.035600024687116205,0.036874415743925804,0.036874415743925804,0.036874415743925804,0.036874415743925804,0.036936354973943875,0.03660845288087189,0.03628146872455895,0.03595539846091533,0.03563023800736431,0.035305983245550676,0.03498263002393909,0.03466017416031475,0.034338611444182376,0.03401793763907324,0.033698148484757384,0.033379239699374175,0.033061206981469526
44.416666666666664,0.0333541920403595,0.033115713326690166,0.03162893457723248,0.03402210732699884,0.03500749144482174,0.03392929449684989,0.03369672365874976,0.03559669638632634,0.03686917461168271,0.03686917461168271,0.03686917461168271,0.03686917461168271,0.03693102006904514,0.03660361340078877,0.036277124132930716,0.035951548212120876,0.0356268815468217,0.03530312001000846,0.03498025944176253,0.03465829565176515,0.034337224421690404,0.03401704150750695,0.03369774264168246,0.033379323535309924,0.033061779880139364
44.5,0.033354225860000364,0.033116116551615615,0.03163164062982382,0.03402112059395579,0.035005014230658826,0.03392848500120693,0.03369628198448438,0.03559337116438699,0.03686394084704481,0.03686394084704481,0.03686394084704481,0.03686394084704481,0.03692569274821844,0.03659878036874731,0.0362727848487987,0.03594770212586562,0.03562352809954983,0.03530025863425701,0.034977889561783826,0.034656416683803926,0.03433583577425625,0.034016142581640096,0.03369733283121423,0.033379402227116994,0.0330623464543911
44.583333333333336,0.03335425531688063,0.03311651450053654,0.03163433571809904,0.03402013191943598,0.03500253850265178,0.03392767288152565,0.03369583672098764,0.03559004906020502,0.03685871448164657,0.03685871448164657,0.03685871448164657,0.03685871448164657,0.03692037304266549,0.036593953818142566,0.036268450907802396,0.03594386024008234,0.03562017770582471,0.03529739916096464,0.034975520429110674,0.0346545373040259,0.03433444555200915,0.03401524091418362,0.033696919108691326,0.03337947583280587,0.033062906764952826
44.666666666666664,0.033354280461033614,0.03311690722579019,0.031637019908591135,0.0340191413482549,0.03500006429916169,0.033926858186558384,0.033695387919967734,0.035586730112068476,0.036853495546465,0.036853495546465,0.036853495546465,0.036853495546465,0.036915060982929626,0.03658913378171791,0.0362641223449347,0.03594002259206386,0.03561683040528707,0.035294541632168164,0.034973152088225046,0.034652657559405275,0.03433305380446172,0.03401433655723518,0.033696501528841516,0.03337954440978019,0.033063460871948225
44.75,0.03335430134196704,0.03311729477918823,0.03163969326730709,0.03401814892469379,0.03499759165798966,0.03392604096449192,0.03369493563255932,0.035583414357653664,0.036848284071828497,0.036848284071828497,0.036848284071828497,0.036848284071828497,0.03690975659890494,0.036584320291573214,0.03625979919455147,0.035936189218470416,0.035613486236951264,0.03529168608928357,0.03497078458299163,0.03465077749630274,0.03433166058051751,0.034013429562286035,0.03369608014578951,0.033379608014842965,0.033064008834903014
44.833333333333336,0.03335431800866773,0.03311767721201986,0.031642355859730964,0.03401715469250255,0.03499512061638144,0.033925221262953054,0.03369447990932972,0.03558010183403293,0.03684308008742421,0.03684308008742421,0.03684308008742421,0.03684308008742421,0.036904459919842925,0.036579513379172424,0.03625548149037816,0.03593236015533807,0.03561014523921169,0.03528883257311177,0.0349684179566645,0.03464889716047215,0.03433026592847632,0.03401251998022792,0.03369565501306404,0.03337966670420389,0.033064550712751606
44.916666666666664,0.0333543305096089,0.033118054575060896,0.03164500775083123,0.03401615869490904,0.03499265121103701,0.03392439912901701,0.03369402080028583,0.03557679257768309,0.03683788362230822,0.03683788362230822,0.03683788362230822,0.03683788362230822,0.036899170974362905,0.03657471307535287,0.03625116926551941,0.03592853543808672,0.03560680744985145,0.0352859811238464,0.03496605225189553,0.03464701659706959,0.034328869896043335,0.03401160786136059,0.03369522618360388,0.03337972053348537,0.03306508656384333
45,0.033354338892753965,0.03311842691857558,0.031647649005063894,0.03401516097462243,0.03499018347811411,0.033923574609210805,0.03369355835487964,0.03557348662449056,0.036832694704910685,0.036832694704910685,0.036832694704910685,0.036832694704910685,0.036893889790458045,0.0365699194103315,0.03624686255246412,0.03592471510152628,0.035603472906048816,0.035283131781081334,0.03496368751073975,0.034645135850657205,0.03432747253033419,0.03401069325539763,0.033694793709764914,0.03337976955772892,0.03306561644594841
45.083333333333336,0.03335434320556363,0.03311879429232478,0.03165027968637801,0.03401416157384052,0.03498771745323648,0.03392274774952164,0.033693092622014476,0.0355701840097602,0.036827513363046016,0.036827513363046016,0.036827513363046016,0.036827513363046016,0.03688861639550445,0.03656513241371395,0.03624256138309612,0.03592089917986563,0.03560014164438541,0.035280284583817156,0.034961323774663766,0.03464325496521292,0.03432607387788278,0.0340097762114735,0.033694357643325956,0.033379813831401206,0.03306614041626532
45.166666666666664,0.03335434349500099,0.033119156745570866,0.03165289985822062,0.03401316053425574,0.03498525317150092,0.033921918595402056,0.033692623650052766,0.03556688476822245,0.0368223396239209,0.0368223396239209,0.0368223396239209,0.0368223396239209,0.03688335081626959,0.03656035211450237,0.03623826578870015,0.035917087706720086,0.03559681370085355,0.035277439570469804,0.03495896108455243,0.03464137398413647,0.03432467398464789,0.03400885677815024,0.03369391803549626,0.03337985340840155,0.033066658531424986
45.25,0.033354339807536215,0.033119514327081934,0.03165550958354202,0.03401215789705958,0.034982790667481556,0.03392108719177633,0.03369215148681892,0.035563588934039325,0.03681717351414027,0.03681717351414027,0.03681717351414027,0.03681717351414027,0.03687809307891832,0.03655557854110181,0.03623397579996923,0.03591328071511768,0.035593489110862686,0.03527459677887612,0.0349565994807155,0.034639492950254924,0.03432327289601922,0.03400793500342347,0.03369347493692043,0.033379888342066844,0.03306717084749855
45.333333333333336,0.033354332189153624,0.03311986708513892,0.031658108924799366,0.03401115370295016,0.034980329975238256,0.03392025358304673,0.03369167617960889,0.03556029654081305,0.036812015059717096,0.036812015059717096,0.036812015059717096,0.036812015059717096,0.03687284320902351,0.036550811721330456,0.03622969144701349,0.035909478237507564,0.03559016790924763,0.0352717562463023,0.03495423900289518,0.03463761190583159,0.03432187065682424,0.034007010934729465,0.033693028397685953,0.03337991868517798,0.03306767742000272
45.416666666666664,0.033354320685354155,0.03312021506753893,0.031660697943962424,0.034010147992135975,0.03497787112832107,0.03391941781309815,0.03369119777519325,0.03555700762159053,0.036806864286078156,0.036806864286078156,0.036806864286078156,0.036806864286078156,0.036867601231569846,0.036546051682422975,0.03622541275936553,0.0359056803057658,0.03558685013027407,0.035268918009448535,0.034951879690271914,0.03463573089257044,0.03432046731133531,0.034006084618950716,0.03369257846732876,0.033379944489966284,0.03306817830390574
45.5,0.03335430534116446,0.0331205583216021,0.031663276702517784,0.034009140804343696,0.03497541415977823,0.03391857992530589,0.03369071631982434,0.03555372220887287,0.03680172121807335,0.03680172121807335,0.03680172121807335,0.03680172121807335,0.03686236717096514,0.03654129845104248,0.03622113976598973,0.03590188695120489,0.035583535807647504,0.03526608210445903,0.03494952158147213,0.03463384995162477,0.03431906290327502,0.03400515610242283,0.033692125194839884,0.033379965808119305,0.03306867355363319
45.583333333333336,0.03335428620113867,0.03312089689417541,0.03166584526147331,0.03400813217882104,0.03497295910216014,0.03391773996253944,0.03369023185924225,0.03555044033462007,0.03679658587998125,0.03679658587998125,0.03679658587998125,0.03679658587998125,0.036857141051044984,0.0365365520532841,0.0362168724952876,0.03589809820457801,0.03558022497451829,0.03526324856692531,0.034947164714573375,0.03463196912360167,0.03431765747582305,0.034004225430940505,0.033691668628670346,0.03337998269078679,0.03306916322307374
45.666666666666664,0.033354263309365084,0.03312123083163865,0.03166840368136281,0.034007122154344094,0.034970505987526934,0.03391689796716979,0.033689744438679226,0.03554716203025787,0.03679145829551733,0.03679145829551733,0.03679145829551733,0.03679145829551733,0.036851922895081435,0.036531812514684514,0.03621261097510553,0.03589431409608723,0.03557691766348903,0.03526041743189534,0.034944809127112286,0.03463008844856952,0.03431625107162262,0.03400329264976354,0.03369120881673848,0.03337999518858625,0.03306964736558471
45.75,0.033354236709471685,0.03312156017990908,0.0316709520222509,0.034006110769222886,0.03496805484745469,0.033916053981074556,0.03368925410286705,0.035543887326686674,0.03678633848784263,0.03678633848784263,0.03678633848784263,0.03678633848784263,0.03684671272579121,0.036527079860228406,0.03620835523274324,0.03589053465539149,0.0355736139066225,0.03525758873387952,0.0349424548560906,0.03462820796606447,0.03431484373278604,0.03400235780362282,0.03369074580643505,0.03338000335160918,0.033070126033998504
45.833333333333336,0.03335420644462994,0.033121884984446126,0.031673490343736566,0.03400509806130514,0.03496560571303853,0.03391520804564241,0.033688760896041,0.03554061625428373,0.0367812264795675,0.0367812264795675,0.0367812264795675,0.0367812264795675,0.036841510565339686,0.03652235411435467,0.0362041052949571,0.03588675991161061,0.035570313735445946,0.03525476250685622,0.034940101937980694,0.03462632771509511,0.03431343550090138,0.034001420936726534,0.033690279644629006,0.03338000722942591,0.033070599280627055
45.916666666666664,0.033354172557560346,0.03312220529025667,0.03167601870495873,0.0340040840679825,0.034963158614901735,0.03391436020178018,0.03368826486194654,0.035537348842913596,0.03677612229276228,0.03677612229276228,0.03677612229276228,0.03677612229276228,0.036836316435351346,0.03651763530096486,0.03619986118797103,0.035882989893334605,0.03556701718095967,0.035251938784279124,0.034937750408732926,0.034624447734151076,0.03431202641703779,0.03400048209276574,0.033689810377674156,0.03338000687109255,0.033071067157268264
46,0.03335413509053753,0.03312252114189951,0.03167853716459956,0.03400306882619564,0.03496071358319952,0.03391351048991731,0.033687766043843714,0.03553408512193168,0.03677102594896153,0.03677102594896153,0.03677102594896153,0.03677102594896153,0.0368311303569151,0.03651292344342849,0.036195622937480465,0.03587922462862858,0.03556372427364196,0.035249117599083446,0.03493540030378117,0.03462256806120667,0.0343106165217526,0.03399954131492011,0.03368933805141361,0.03338000232515537,0.03307152971521088
46.083333333333336,0.033354094085394914,0.03312283258349091,0.03168104578088937,0.034002052372439584,0.03495827064762569,0.0339126589500125,0.033687264484513424,0.03553082512019268,0.036765937469172894,0.036765937469172894,0.036765937469172894,0.036765937469172894,0.036825952350591606,0.0365082185645913,0.03619139056865994,0.0358754641450405,0.035560435043457295,0.035246298983691915,0.034933051658049497,0.03462068873372881,0.034309205855096,0.03399859864586485,0.03368886271118621,0.03337999363965727,0.0330719870052405
46.166666666666664,0.033354049583528944,0.03312313965870817,0.03168354461161038,0.03400103474276861,0.034955829837417074,0.0339118056215566,0.03368676022626227,0.035527568866055015,0.03676085687388242,0.03676085687388242,0.03676085687388242,0.03676085687388242,0.03682078243641951,0.036503520686780755,0.036187164106169734,0.0358717084696063,0.035557149519860554,0.03524348297002122,0.034930704505957255,0.03461880978868148,0.03430779445661725,0.033997654127774446,0.03368838440183208,0.03337998086214222,0.03307243907764379
46.25,0.033354001625905294,0.03312344241079468,0.03168603371410139,0.034000015972800446,0.03495339118135954,0.033910950543580176,0.03368625331092767,0.03552431638738707,0.036755784183062135,0.036755784183062135,0.036755784183062135,0.036755784183062135,0.03681562063392341,0.036498829831813184,0.03618294357416185,0.035867957628857416,0.035553867731804356,0.035240669589487794,0.034928358881426425,0.0346169312625324,0.03430638236537065,0.03399670780232955,0.03368790316769732,0.03337996403966148,0.03307288598221514
46.333333333333336,0.03335395025306154,0.03312374088256531,0.031688513145261776,0.03399899609772272,0.03495095470779419,0.03391009375465792,0.033685743779883426,0.03552106771157448,0.03675071941617669,0.03675071941617669,0.03675071941617669,0.03675071941617669,0.036810466962119426,0.03649414602100043,0.03617872899628738,0.03586421164882636,0.03555058970774594,0.035237858873014005,0.034926014817886264,0.03461505319125857,0.03430496961992113,0.03399575971072233,0.033687419052641054,0.03337994321877846,0.03307332776826066
46.416666666666664,0.03335389550511336,0.03312403511640993,0.03169098296155526,0.033997975152296744,0.03494852044462138,0.0339092352929129,0.03368523167404458,0.03551782286552507,0.036745662592189365,0.036745662592189365,0.036745662592189365,0.036745662592189365,0.03680532143952231,0.03648946927515628,0.03617452039570179,0.03586047055505315,0.03554731547565115,0.03523505085103418,0.03492367234827998,0.03461317561035249,0.03430355625834958,0.033994809893662215,0.03368693210003881,0.033379918445574086,0.03307376448460442
46.5,0.033353837421758126,0.033124325154298306,0.031693443219014794,0.03399695317086304,0.03494608841930691,0.03390837519602319,0.03368471703387255,0.03551458187567458,0.03674061372956894,0.03674061372956894,0.03674061372956894,0.03674061372956894,0.0368001840841512,0.03648479961460205,0.03617031779507185,0.035856734372591514,0.03554404506300268,0.03523224555350035,0.03492133150506982,0.034611298554826586,0.03430214231825879,0.03399385839138014,0.03368644235278939,0.033379889765652315,0.033074196179592175
46.583333333333336,0.033353776042280625,0.033124611037784746,0.03169589397324568,0.0339959301873447,0.034943658658887156,0.03390751350122567,0.033684199899379985,0.035511344767993114,0.03673557284629614,0.03673557284629614,0.03673557284629614,0.03673557284629614,0.036795054913537406,0.0364801370591743,0.036166121216580915,0.03585300312601469,0.03554077849680448,0.035229443009888284,0.034918992320243536,0.03460942205921991,0.0343007278367784,0.03399290524363563,0.0336859498533193,0.03337985722414438,0.03307462290109786
46.666666666666664,0.03335371140555554,0.03312489280801212,0.03169833527943,0.033994906235254474,0.0349412311899735,0.03390665024532091,0.03368368031013591,0.03550811156799005,0.036730539959869635,0.036730539959869635,0.036730539959869635,0.036730539959869635,0.036789933944729514,0.036475481628229556,0.036161930681936294,0.03584927683942141,0.035537515803588215,0.035226643249202994,0.03491665482531903,0.03460754615760342,0.03429931285057064,0.03399195048972037,0.033685454643588075,0.033379820865715004,0.033075044696527556
46.75,0.03335364355005388,0.033125170505716506,0.03170076719233039,0.03399388134769721,0.03493880603875921,0.03390578546467915,0.03368315830527058,0.03550488230072091,0.03672551508731248,0.03672551508731248,0.03672551508731248,0.03672551508731248,0.03678482119430049,0.03647083334065182,0.03615774621237455,0.03584555553644231,0.03553425700941926,0.03522384629998454,0.034914319051350784,0.03460567088358513,0.03429789739583544,0.03399099416846485,0.033684956765093865,0.0333797807345666,0.03307546161282482
46.833333333333336,0.033353572513846075,0.0331254441712312,0.03170318976629405,0.03399285555737541,0.034936383231022106,0.0339049191952443,0.03368263392347992,0.035501656990791775,0.036720498245178756,0.036720498245178756,0.036720498245178756,0.036720498245178756,0.03677971667835278,0.036466192214857696,0.03615356782866752,0.03584183924024553,0.03553100213990201,0.03522105219031357,0.034911985028935444,0.03460379627031562,0.034296481508316434,0.03399003631824238,0.03368445625887739,0.0333797368744444,0.03307587369647513
46.916666666666664,0.03335349833460688,0.03312571384449137,0.031705603055256715,0.03399182889659391,0.034933962792131235,0.033904051472538166,0.03368210720303089,0.03549843566236488,0.03671548944955849,0.03671548944955849,0.03671548944955849,0.03671548944955849,0.03677462041252588,0.036461558268802374,0.03614939555112784,0.03583812797354158,0.035527751220185255,0.03521826094781688,0.034909652788216006,0.03460192235049342,0.034295065223304944,0.033989076976975285,0.03368395316552797,0.03337968932864155,0.03307628099351145
47,0.033353421049618914,0.03312597956503782,0.03170800711274602,0.03399080139726429,0.03493154474705129,0.03390318233166645,0.03368157818176565,0.035495218339165246,0.03671048871608473,0.03671048871608473,0.03671048871608473,0.03671048871608473,0.036769532412001205,0.0364569315199863,0.03614522939961584,0.03583442175859042,0.03552450427496856,0.035215472599672504,0.03490732235888849,0.03460004915637005,0.03429364857564621,0.03398811618213893,0.033683447525188814,0.033379638140004,0.03307668354951798
47.083333333333336,0.03335334069577822,0.03312624137202125,0.03171040199188524,0.03398977309090889,0.03492912912034751,0.03390231180732295,0.03368104689710694,0.035492005044484465,0.03670549605993911,0.03670549605993911,0.03670549605993911,0.03670549605993911,0.03676445269150852,0.036452311985460506,0.03614106939354356,0.03583072061720638,0.03552126132850719,0.035212687172616164,0.03490499377020706,0.034598176719755847,0.034292231599743817,0.03398715397076746,0.03368293937755995,0.033379583350934494,0.0330770814096355
47.166666666666664,0.033353257309596485,0.033126499304206414,0.03171278774539821,0.03398874400866525,0.03492671593619079,0.03390143993379313,0.033680513386061595,0.03548879580118758,0.036700511495857846,0.036700511495857846,0.036700511495857846,0.036700511495857846,0.03675938126533196,0.036447699681832146,0.036136915551882476,0.0358270245707637,0.03551802240461832,0.03520990469294549,0.03490266705098799,0.03459630507202416,0.03429081432956482,0.03398619037945805,0.033682428761905525,0.03337952500339858,0.03307747461856603
47.25,0.03335317092720724,0.033126753399976394,0.03171516442561151,0.03398771418129165,0.03492430521836143,0.033900566744960114,0.033679977685226126,0.03548559063171708,0.03669553503813727,0.03669553503813727,0.03669553503813727,0.03669553503813727,0.036754318147315335,0.036443094625270955,0.03613276789316733,0.03582333364020207,0.03551478752668502,0.03520712518652602,0.0349003422296168,0.03459443424411712,0.034289396798645067,0.033985225444376876,0.0336819157170567,0.033379463138928145,0.033077863220577264
47.333333333333336,0.033353081584367894,0.03312700369733612,0.03171753208445849,0.033986683639169346,0.034921896990255163,0.03389969227430867,0.03367943983079069,0.03548238955809846,0.03669056670063986,0.03669056670063986,0.03669056670063986,0.03669056670063986,0.03674926335086859,0.03643849683151412,0.03612862643550274,0.03581964784603242,0.03551155671766271,0.03520434867879563,0.03489801933405179,0.03459256426655055,0.03428797904009406,0.03398425920126247,0.03368140028141697,0.0333793977986272,0.03307824725950681
47.416666666666664,0.03335298931646569,0.03312725023391683,0.03171989077348325,0.033985652412308553,0.034919491274886694,0.03389881655492921,0.033678899858543554,0.035479192601945986,0.03668560649679953,0.03668560649679953,0.03668560649679953,0.03668560649679953,0.036744216888973114,0.03643390631587251,0.03612449119656791,0.03581596720834157,0.03550833000008402,0.03520157519477074,0.03489569839182982,0.03459069516941815,0.034286561086599,0.03398329168543124,0.0336808824929673,0.03337932902317475,0.03307862677876683
47.5,0.03335289415851972,0.033127493046979595,0.03172224054384443,0.03398462053035178,0.03491708809489502,0.03389793961952248,0.033678357803875514,0.035475999784466916,0.03668065443962787,0.03668065443962787,0.03668065443962787,0.03668065443962787,0.03673917877418664,0.036429323093235544,0.0361203621936228,0.03581229174679801,0.035505107396064606,0.03519880475905057,0.0348933794300712,0.03458882698239796,0.03428514297043095,0.033982322931782605,0.03368036238927008,0.03337925685283105,0.03307900182134893
47.583333333333336,0.033352796145186714,0.033127732173419355,0.03172458144631762,0.03398358802257784,0.03491468747254722,0.03389706150040395,0.033677813701784354,0.03547281112646661,0.03667571054171881,0.03667571054171881,0.03667571054171881,0.03667571054171881,0.036734149018650575,0.03642474717807698,0.036116239443513054,0.03580862148065722,0.03550188892730688,0.035196037395822666,0.03489106247548457,0.03458695973475545,0.034283724723448206,0.03398135297480298,0.03367984000747426,0.03337918132744089,0.03307937242982795
47.666666666666664,0.03335269531076346,0.033127967649768664,0.03172691353130008,0.033982554917906915,0.034912289429744225,0.0338961822295083,0.033677267586879056,0.03546962664835429,0.0366707748152546,0.0366707748152546,0.0366707748152546,0.0366707748152546,0.03672912763409353,0.03642017858446067,0.036112122962675075,0.035804956428766355,0.035498674615106474,0.03519327312886733,0.034888747554371324,0.03458509345534955,0.034282306377102056,0.03398038184857044,0.033679315384318675,0.03337910248643894,0.0330797386463666
47.75,0.03335259168919169,0.03312819951220147,0.03172923684881357,0.0339815212449035,0.03490989398802369,0.03389530183839318,0.03367671949338402,0.035466446370147287,0.03666584727201161,0.03666584727201161,0.03666584727201161,0.03666584727201161,0.03672411463183822,0.03641561732604459,0.03610801276714137,0.03580129660956999,0.035495464480356675,0.03519051198156298,0.03488643469263164,0.034583228172636815,0.034280887962440776,0.03397940958675938,0.03367878855613826,0.03337902036885332,0.03308010051271926
47.833333333333336,0.03335248531406032,0.03312842779653713,0.03173155144850748,0.033980487031780804,0.03490750116856467,0.03389442035824364,0.03367616945514307,0.035463270311475226,0.036660927923364506,0.036660927923364506,0.036660927923364506,0.036660927923364506,0.03671911002280548,0.036411063416087686,0.03610390887254589,0.03579764204111435,0.03549225854355309,0.03518775397689122,0.034884123915767784,0.03458136391467592,0.03427946951011385,0.03397843622264474,0.03367825955886716,0.03337893501331002,0.03308045807023685
47.916666666666664,0.033352376218611646,0.03312865253824371,0.03173385737966283,0.033979452306404756,0.03490511099219362,0.03389353781987614,0.03367561750562431,0.03546009849158649,0.03665601678029251,0.03665601678029251,0.03665601678029251,0.03665601678029251,0.0367141138175211,0.03640651686745433,0.03609981129412909,0.035793992741053327,0.03548905682479897,0.03518499913744044,0.03488181524888967,0.03457950070913296,0.03427805105037818,0.03397746178910732,0.033677728428043174,0.03337884645803757,0.03308081135987084
48,0.033352264435742685,0.033128873772442,0.03173615469119584,0.03397841709629801,0.034902723479386166,0.03389265425374299,0.03367506367792328,0.035456930929351316,0.03665111385338449,0.03665111385338449,0.03665111385338449,0.03665111385338449,0.03670912602611942,0.03640197769261877,0.03609572004674266,0.03579034872665243,0.03548585934380988,0.03518224748541243,0.0348795087167193,0.03457763858328544,0.0342766326131001,0.03397648631863692,0.033677195198812626,0.03337875474087104,0.033081160422177236
48.083333333333336,0.03335214999801028,0.03312909153390864,0.03173844343165988,0.033977381428643705,0.03490033865027331,0.033891769689936124,0.033674508004767345,0.035453767643267575,0.03664621915284361,0.03664621915284361,0.03664621915284361,0.03664621915284361,0.03670414665834976,0.03639744590367111,0.03609163514485503,0.035786710014794165,0.035482666119919015,0.035179499042625295,0.03487720434359565,0.03457577756402652,0.03427521422776203,0.03397550984333764,0.03367665990593416,0.033378659899256036,0.033081505297320124
48.166666666666664,0.03335203293763378,0.033129305857080515,0.03174072364925018,0.033976345330288815,0.034897956524644114,0.03389088415819086,0.03367395051852018,0.03545060865146432,0.036641332688492456,0.036641332688492456,0.036641332688492456,0.036641332688492456,0.03669917572358106,0.03639292151232265,0.03608755660255558,0.03578307662198266,0.035479477172080554,0.035176753830519214,0.03487490215347866,0.03457391767787055,0.03427379592346558,0.033974532394931645,0.033676122583783163,0.03337856197025291,0.033081846025077244
48.25,0.033351913286499224,0.0331295167760568,0.03174299539180625,0.033975308827748796,0.034895577121950794,0.03388999768789014,0.03367339125118485,0.035447453971707565,0.03663645446977881,0.03663645446977881,0.03663645446977881,0.03663645446977881,0.03669421323080613,0.03638840452990921,0.036083484433559576,0.03577944856434878,0.03547629251887563,0.035174011870160005,0.034872602169953915,0.034572058950956164,0.034272377728935766,0.03397355400476343,0.03367558326635556,0.033378460990541425,0.033082182644842195
48.333333333333336,0.03335179107616271,0.03312972432460448,0.03174525870681544,0.03397427194721048,0.03489320046131272,0.033889110308068515,0.03367283023440826,0.035444303621403606,0.03663158450577941,0.03663158450577941,0.03663158450577941,0.03663158450577941,0.03668925918864807,0.03638389496739758,0.036079418651213446,0.03577582585765393,0.03547311217851612,0.03517127318224489,0.03487030441623706,0.03457020140905165,0.03427095967252636,0.033972574703804215,0.03367504198727245,0.03337835699642344,0.03308251519562955
48.416666666666664,0.033351666337853914,0.033129928536159925,0.031747513641416036,0.033973234714536504,0.03489082656151976,0.03388822204741593,0.0336722674994856,0.03544115761760458,0.03662672280520618,0.03662672280520618,0.03662672280520618,0.03662672280520618,0.036684313605364505,0.03637939283538949,0.036075359268499474,0.03577220851729601,0.03546993616885019,0.03516853778710605,0.034868008915178716,0.03456834507755868,0.03426954178222297,0.03397159452265619,0.03367449877978368,0.033378250023828215,0.03308284371607817
48.5,0.03335153910247968,0.033130129443833756,0.03174976024240039,0.033972197155268,0.034888455441036914,0.033887332934281256,0.033671703077362336,0.03543801597701157,0.036621869376409766,0.036621869376409766,0.036621869376409766,0.036621869376409766,0.03667937648885178,0.036374898144126755,0.03607130629804001,0.03576859655831277,0.03546676450736541,0.03516580570471528,0.03486571568926777,0.03456648998151657,0.0342681240856475,0.033970613491555834,0.03367395367677206,0.033378140108315524,0.033083168244455896
48.583333333333336,0.033351409400626864,0.03313032708041286,0.031751998556217575,0.033971159294629016,0.03488608711800789,0.033886442996676314,0.033671136998640216,0.03543487871598017,0.03661702422738533,0.03661702422738533,0.03661702422738533,0.03661702422738533,0.03667444784665075,0.03637041090349569,0.0360672597521019,0.03576498999538669,0.03546359721119452,0.03516307695468823,0.03486342476063675,0.0345646361456069,0.034266706610063036,0.033969631640378806,0.03367340671075758,0.033378027285080325,0.03308348881866219
48.666666666666664,0.03335127726256615,0.03313052147836504,0.03175422862897759,0.033970121157530286,0.03488372161025932,0.03388555226227985,0.033670569293579256,0.035431745850524,0.03661218736577676,0.03661218736577676,0.03661218736577676,0.03661218736577676,0.03666952768595122,0.036365931123032214,0.036063219642602506,0.03576138884285052,0.03546043429711854,0.03516035155628905,0.03486113615106512,0.034562783594156876,0.03426528938237672,0.03396864899864371,0.033672857913900955,0.03337791158895542,0.0330838054762328
48.75,0.033351142718255566,0.03313071266984147,0.031756450506452705,0.033969082768571246,0.034881358935304085,0.03388466075844043,0.03366999999210263,0.03542861739631942,0.03660735879888111,0.03660735879888111,0.03660735879888111,0.03660735879888111,0.03666461601359594,0.03636145881192565,0.03605918598111213,0.03575779311468952,0.03545727578157232,0.035157629528434375,0.034858849881983955,0.034560932351144436,0.034263872429144415,0.03396766559551612,0.033672307318006967,0.03337779305441635,0.033084118254342654
48.833333333333336,0.0333510057973434,0.03313090068668001,0.03175866423408236,0.03396804415204513,0.03487899911034509,0.03388376851218067,0.03366942912379911,0.03542549336870904,0.036602538533653695,0.036602538533653695,0.036602538533653695,0.036602538533653695,0.0366597128360866,0.036356993979024255,0.036055158778859564,0.035754202824547665,0.035454121680647877,0.035154910889697355,0.034856565974479725,0.03455908244020156,0.03426245577657472,0.03396668145981163,0.03367175495453001,0.03337767171558492,0.03308442718981075
48.916666666666664,0.03335086652917152,0.033131085560409,0.03176086985697468,0.033967005331941635,0.03487664215228037,0.033882875550200975,0.033668856717927964,0.03542237378270707,0.03659772657671301,0.03659772657671301,0.03659772657671301,0.03659772657671301,0.03665481815958693,0.03635253663283877,0.036051138046736986,0.03575061798573165,0.0354509720100995,0.03515219565831229,0.03485428444929939,0.03455723388461829,0.03426103945053294,0.03396569662000104,0.03367120085457587,0.03337754760623213,0.033084732319102805
49,0.03335072494277891,0.03313126732224969,0.03176306741990986,0.0339659663319507,0.03487428807770443,0.03388198189888292,0.0336682828034216,0.03541925865300155,0.036592922934343575,0.036592922934343575,0.036592922934343575,0.036592922934343575,0.0366499319899285,0.03634808678154755,0.036047123795303504,0.03574703861121464,0.0354478267853473,0.03514948385217842,0.03485200532685262,0.03455538670734737,0.03425962347654421,0.033964711104213174,0.033670645048907044,0.033377420759783005,0.03308503367833526
49.083333333333336,0.03335058106690458,0.03313144600312001,0.03176525696734345,0.033964927175465176,0.03487193690291379,0.03388108758429209,0.03366770740888936,0.035416147993960534,0.03658812761250263,0.03658812761250263,0.03658812761250263,0.03658812761250263,0.03664505433261378,0.03634364443300031,0.03604311603478938,0.03574346471364054,0.03544468602148099,0.03514677548886369,0.03484972862721758,0.034553540931007154,0.03425820787979861,0.03396372494023914,0.033670087567945206,0.03337729120931954,0.0330853313032784
49.166666666666664,0.03335043492999046,0.033131621633637254,0.0317674385434088,0.0339638878855848,0.0348695886439101,0.033880192632183004,0.033667130562621495,0.03541304181963412,0.03658334061682278,0.03658334061682278,0.03658334061682278,0.03658334061682278,0.03664018519282197,0.03633920959472303,0.03603911477510091,0.03573989630532837,0.03544154973326519,0.035144070585609866,0.034847454370143804,0.03455169657788604,0.034256792685154025,0.033962738155535854,0.03366952844177584,0.03337715898758442,0.03308562522936098
49.25,0.03335028656018513,0.033131794244121604,0.031769612191920205,0.03396284848511888,0.03486724331640301,0.03387929706800086,0.033666552292591634,0.0354099401437602,0.03657856195261666,0.03657856195261666,0.03657856195261666,0.03657856195261666,0.03663532457541252,0.03633478227392217,0.03603512002582421,0.03573633339827653,0.035438417935142574,0.03514136915933497,0.0348451825750562,0.03454985366994667,0.03425537791713973,0.03396175077722985,0.033668967700151375,0.0333770241269844,0.03308591549167228
49.333333333333336,0.03335013598534631,0.03313196386459838,0.03177177795637509,0.03396180899659074,0.034864900935814624,0.03387840091688643,0.03366597262646076,0.03540684297976626,0.03657379162488228,0.03657379162488228,0.03657379162488228,0.03657379162488228,0.036630472484929344,0.03633036247748822,0.036031131796228966,0.03573277600416658,0.03543529064123763,0.03513867122663816,0.03484291326105926,0.03454801222882864,0.034253963599961246,0.03396076283212057,0.03366840537249449,0.03337688665959404,0.03308620212496671
49.416666666666664,0.03334998323304461,0.03313213052480224,0.031773935879957804,0.0339607694422388,0.03486256151728262,0.03387750420367808,0.03366539159158077,0.03540375034077581,0.03656902963830544,0.03656902963830544,0.03656902963830544,0.03656902963830544,0.0366256289256055,0.03632595021200036,0.03602715009527335,0.03572922413436741,0.03543216786536152,0.03513597680380376,0.03484064644694085,0.03454617227585355,0.03425254975750258,0.033959774346684624,0.03366784148790258,0.0333767466171595,0.033086485163666524
49.5,0.03334982833056599,0.033132294254179184,0.03177608600554138,0.0339597298440224,0.03486022507566355,0.03387660695291661,0.03366480921499737,0.03540066223960947,0.03656427599726597,0.03656427599726597,0.03656427599726597,0.03656427599726597,0.03662079390136719,0.03632154548373112,0.036023174931608004,0.03572567779993885,0.03542904962101501,0.035133285906804534,0.034838382151175296,0.03454433383202726,0.03425113641333066,0.03395878534707886,0.03366727607515041,0.03337660403110099,0.03308676464186555
49.583333333333336,0.0333496713049144,0.03313245508188989,0.03177822837569155,0.03395869022362241,0.03485789162553665,0.03387570918884664,0.033664225523453606,0.03539757868879079,0.03655953070583995,0.03655953070583995,0.03655953070583995,0.03655953070583995,0.03661596741583839,0.03631714829864907,0.03601920631357869,0.03572213701163629,0.03542593592139354,0.03513059855130529,0.03483612039192785,0.03454249691804456,0.034249723590699555,0.03395779585914349,0.03366670916269343,0.033376458932517394,0.03308704059333212
49.666666666666664,0.03334951218281579,0.033132613036812364,0.0317803630326674,0.03395765060244571,0.03485556118120625,0.033874810935422106,0.033663640543393214,0.03539449970054931,0.03655479376780546,0.03655479376780546,0.03655479376780546,0.03655479376780546,0.03661114947234334,0.03631275866242456,0.036015244249232525,0.03571860177991404,0.03542282677938924,0.0351279147526673,0.034833861187058224,0.03454066155429292,0.034248311312551794,0.03395680590840655,0.03366614077867225,0.03337631135218877,0.033087313051513245
49.75,0.03334935099072012,0.03313276814754551,0.03178249001842648,0.0339566110016285,0.0348532337567069,0.03387391221630698,0.0336630543009635,0.035391425286823486,0.03655006518664505,0.03655006518664505,0.03655006518664505,0.03655006518664505,0.036606340073912946,0.036308376580431956,0.036011288746319536,0.03571507211492886,0.03541972220759648,0.03512523452595184,0.03483160455412371,0.03453882776085471,0.03424689960152483,0.03395581552008675,0.033665570950914825,0.033376161320579634,0.03308758204953666
49.833333333333336,0.033349187754804444,0.033132920442410674,0.03178460937462524,0.03395557144203809,0.03485090936580404,0.033873013054880774,0.033662466822018455,0.03538835545926555,0.03654534496555084,0.03654534496555084,0.03654534496555084,0.03654534496555084,0.03660153922328657,0.03630400205775497,0.03600733981229798,0.035711548026544415,0.03541662221831432,0.03512255788592333,0.03482935051038338,0.03453699555751233,0.0342454884799519,0.03395482471909683,0.03366499970694026,0.033376008867842755,0.033087847620214994
49.916666666666664,0.033349022500976266,0.03313306994945653,0.03178672114262393,0.03395453194427733,0.03484858802199997,0.03387211347423991,0.033661878132122736,0.035385290229244415,0.03654063310742828,0.03654063310742828,0.03654063310742828,0.03654063310742828,0.03659674692291803,0.03629963509918954,0.036003397454338115,0.03570802952433527,0.03541352682355137,0.035119884847053306,0.03482709907280124,0.034535164963750864,0.034244077969866726,0.033953833530047106,0.033664427073963,0.03337585402382204,0.033088109796048704
50,0.0333488552548753,0.03313321669645952,0.03178882536348637,0.033953492528685736,0.03484626973853522,0.03387121349720168,0.03366128825655368,0.03538222960784898,0.03653592961489949,0.03653592961489949,0.03653592961489949,0.03653592961489949,0.03659196317497715,0.03629527570924829,0.035999461679324884,0.03570451661758933,0.035410436035027804,0.03511721542352442,0.034824850258050155,0.034533335998761405,0.03424266809300702,0.03395284197724879,0.03366385307889397,0.0333756968180563,0.033088368609228924